<DATE>	<OPEN>	<HIGH>	<LOW>	<CLOSE>	<TICKVOL>	<VOL>	<SPREAD>
2014.01.02	1842.5	1845.5	1826.9	1832.9	277	0	0
2014.01.03	1833.2	1837.9	1825.7	1836.5	212	0	0
2014.01.06	1832.7	1837.7	1823.0	1826.5	233	0	0
2014.01.07	1826.6	1840.5	1826.0	1836.0	197	0	0
2014.01.08	1835.9	1840.0	1831.0	1836.0	180	0	0
2014.01.09	1836.2	1844.2	1829.7	1838.2	271	0	0
2014.01.10	1838.5	1847.5	1831.7	1843.0	272	0	0
2014.01.13	1843.0	1843.3	1815.0	1821.2	349	0	0
2014.01.14	1821.0	1839.5	1818.2	1838.5	252	0	0
2014.01.15	1838.2	1850.7	1837.0	1847.7	180	0	0
2014.01.16	1848.0	1849.0	1840.5	1842.0	111	0	0
2014.01.17	1842.2	1848.5	1835.2	1840.0	245	0	0
2014.01.20	1840.2	1840.5	1836.0	1839.7	86	0	0
2014.01.21	1840.0	1849.7	1832.0	1841.5	340	0	0
2014.01.22	1841.7	1849.1	1840.0	1848.6	114	0	0
2014.01.23	1848.4	1848.4	1819.7	1829.5	386	0	0
2014.01.24	1829.7	1833.7	1787.2	1787.2	506	0	0
2014.01.27	1786.2	1797.7	1772.5	1780.7	450	0	0
2014.01.28	1781.0	1806.4	1780.0	1800.6	333	0	0
2014.01.29	1800.5	1805.1	1769.8	1780.7	509	0	0
2014.01.30	1780.5	1799.0	1773.2	1789.0	432	0	0
2014.01.31	1788.7	1793.5	1766.7	1783.2	482	0	0
2014.02.03	1787.9	1788.7	1737.7	1744.6	588	0	0
2014.02.04	1744.4	1759.2	1739.4	1751.2	329	0	0
2014.02.05	1751.0	1756.0	1737.5	1750.2	363	0	0
2014.02.06	1749.9	1774.2	1748.7	1772.7	283	0	0
2014.02.07	1772.4	1798.2	1762.9	1798.2	449	0	0
2014.02.10	1796.1	1800.7	1790.7	1799.5	167	0	0
2014.02.11	1799.6	1824.2	1799.6	1816.7	322	0	0
2014.02.12	1817.0	1827.0	1815.2	1818.7	220	0	0
2014.02.13	1818.9	1830.2	1805.7	1827.0	410	0	0
2014.02.14	1826.7	1842.0	1819.5	1838.2	336	0	0
2014.02.17	1838.6	1843.5	1835.2	1839.7	156	0	0
2014.02.18	1839.9	1842.9	1834.7	1837.3	139	0	0
2014.02.19	1837.6	1847.5	1826.5	1830.0	345	0	0
2014.02.20	1830.1	1843.0	1820.2	1839.2	366	0	0
2014.02.21	1839.5	1846.7	1835.7	1837.0	196	0	0
2014.02.24	1837.6	1859.0	1832.2	1847.5	438	0	0
2014.02.25	1847.6	1853.2	1839.7	1849.2	255	0	0
2014.02.26	1849.4	1855.2	1840.0	1845.0	261	0	0
2014.02.27	1845.2	1857.5	1834.5	1855.0	363	0	0
2014.02.28	1854.7	1868.2	1847.5	1862.5	337	0	0
2014.03.03	1843.7	1851.2	1834.2	1846.5	313	0	0
2014.03.04	1846.2	1876.5	1846.0	1871.3	360	0	0
2014.03.05	1871.2	1876.9	1869.4	1873.7	126	0	0
2014.03.06	1873.5	1882.2	1873.0	1878.5	135	0	0
2014.03.07	1878.7	1888.2	1870.2	1878.7	361	0	0
2014.03.10	1875.2	1879.7	1866.7	1877.0	243	0	0
2014.03.11	1876.9	1882.5	1862.2	1863.7	275	0	0
2014.03.12	1864.2	1869.5	1853.7	1869.4	265	0	0
2014.03.13	1869.3	1874.5	1841.5	1847.7	445	0	0
2014.03.14	1848.0	1852.7	1839.0	1839.7	192	0	0
2014.03.17	1837.5	1862.5	1836.6	1858.2	312	0	0
2014.03.18	1858.0	1873.7	1852.5	1871.7	288	0	0
2014.03.19	1871.5	1874.0	1849.0	1860.2	388	0	0
2014.03.20	1859.5	1873.8	1851.7	1871.8	320	0	0
2014.03.21	1871.6	1884.1	1863.0	1864.5	352	0	0
2014.03.24	1865.1	1873.2	1848.7	1858.5	425	0	0
2014.03.25	1858.3	1871.7	1855.3	1869.5	217	0	0
2014.03.26	1869.7	1876.0	1849.2	1852.2	362	0	0
2014.03.27	1851.4	1855.4	1841.2	1850.0	271	0	0
2014.03.28	1849.6	1866.7	1849.5	1857.7	264	0	0
2014.03.31	1864.0	1875.2	1862.5	1871.5	180	0	0
2014.04.01	1871.6	1886.0	1869.7	1884.4	199	0	0
2014.04.02	1884.7	1893.3	1883.4	1889.5	151	0	0
2014.04.03	1889.3	1894.5	1882.6	1891.3	219	0	0
2014.04.04	1891.1	1899.3	1862.7	1867.5	497	0	0
2014.04.07	1866.9	1867.5	1841.5	1847.5	327	0	0
2014.04.08	1847.7	1855.2	1837.2	1851.6	322	0	0
2014.04.09	1851.9	1873.0	1850.1	1872.7	251	0	0
2014.04.10	1873.0	1873.7	1830.2	1835.7	498	0	0
2014.04.11	1835.6	1838.1	1813.7	1818.0	313	0	0
2014.04.14	1811.7	1834.2	1811.5	1830.7	265	0	0
2014.04.15	1831.0	1850.7	1816.2	1848.2	519	0	0
2014.04.16	1848.0	1863.2	1847.5	1854.5	250	0	0
2014.04.17	1854.6	1870.0	1853.7	1864.0	233	0	0
2014.04.21	1868.2	1872.0	1863.0	1871.2	151	0	0
2014.04.22	1871.5	1885.0	1867.2	1879.3	279	0	0
2014.04.23	1879.5	1886.5	1873.8	1884.5	205	0	0
2014.04.24	1884.2	1888.2	1869.7	1878.4	313	0	0
2014.04.25	1878.7	1879.7	1858.8	1866.0	292	0	0
2014.04.28	1867.5	1877.3	1850.0	1873.5	487	0	0
2014.04.29	1873.6	1881.0	1871.2	1876.5	168	0	0
2014.04.30	1876.3	1886.0	1872.0	1885.0	194	0	0
2014.05.01	1884.7	1888.5	1877.5	1884.7	221	0	0
2014.05.02	1884.9	1891.5	1878.0	1880.5	227	0	0
2014.05.05	1881.5	1885.7	1866.5	1883.2	368	0	0
2014.05.06	1883.1	1887.2	1867.7	1868.7	247	0	0
2014.05.07	1868.5	1880.5	1860.0	1878.2	314	0	0
2014.05.08	1878.5	1889.0	1869.5	1873.5	341	0	0
2014.05.09	1873.3	1878.8	1866.8	1877.8	196	0	0
2014.05.12	1880.8	1897.9	1879.6	1897.2	203	0	0
2014.05.13	1897.5	1902.2	1896.0	1897.7	123	0	0
2014.05.14	1898.0	1901.0	1885.7	1889.0	217	0	0
2014.05.15	1888.7	1891.7	1862.0	1870.0	408	0	0
2014.05.16	1869.9	1878.5	1864.2	1877.7	209	0	0
2014.05.19	1880.1	1885.7	1868.7	1883.2	310	0	0
2014.05.20	1883.4	1887.2	1867.7	1870.0	257	0	0
2014.05.21	1870.3	1889.2	1869.3	1886.5	237	0	0
2014.05.22	1886.7	1896.2	1885.5	1893.0	152	0	0
2014.05.23	1892.7	1901.5	1892.0	1899.5	123	0	0
2014.05.26	1901.2	1907.0	1899.5	1905.2	111	0	0
2014.05.27	1905.0	1912.2	1904.5	1910.9	96	0	0
2014.05.28	1910.7	1915.9	1906.7	1911.3	179	0	0
2014.05.29	1910.8	1920.0	1909.5	1919.0	129	0	0
2014.05.30	1918.7	1924.0	1916.2	1922.0	124	0	0
2014.06.02	1922.6	1925.9	1915.4	1922.6	211	0	0
2014.06.03	1922.8	1925.2	1917.9	1923.4	141	0	0
2014.06.04	1923.7	1928.3	1917.7	1926.8	182	0	0
2014.06.05	1926.6	1942.0	1922.6	1939.9	256	0	0
2014.06.06	1939.6	1950.4	1939.6	1950.2	111	0	0
2014.06.09	1949.9	1955.5	1946.7	1949.5	173	0	0
2014.06.10	1949.7	1953.0	1944.0	1951.0	168	0	0
2014.06.11	1950.7	1950.7	1939.7	1944.8	162	0	0
2014.06.12	1945.0	1948.3	1925.5	1930.8	315	0	0
2014.06.13	1931.0	1937.5	1927.0	1936.5	156	0	0
2014.06.16	1933.9	1941.3	1927.3	1937.9	241	0	0
2014.06.17	1937.8	1943.5	1931.7	1942.2	193	0	0
2014.06.18	1942.0	1958.5	1938.0	1957.5	256	0	0
2014.06.19	1957.2	1960.5	1952.0	1957.0	169	0	0
2014.06.20	1957.2	1964.5	1956.2	1961.2	127	0	0
2014.06.23	1961.5	1968.0	1958.5	1959.4	170	0	0
2014.06.24	1959.5	1968.2	1948.2	1950.2	308	0	0
2014.06.25	1950.0	1961.0	1945.7	1957.2	235	0	0
2014.06.26	1956.9	1959.9	1943.9	1956.9	321	0	0
2014.06.27	1956.8	1961.6	1950.4	1960.1	192	0	0
2014.06.30	1960.1	1964.4	1955.9	1961.3	159	0	0
2014.07.01	1961.6	1979.0	1961.1	1973.6	239	0	0
2014.07.02	1973.9	1977.2	1971.9	1974.7	99	0	0
2014.07.03	1975.0	1985.5	1973.5	1983.7	154	0	0
2014.07.04	1983.5	1984.7	1982.0	1983.0	50	0	0
2014.07.07	1983.5	1984.7	1974.2	1976.5	141	0	0
2014.07.08	1976.7	1976.7	1959.2	1966.7	251	0	0
2014.07.09	1967.0	1974.5	1964.7	1973.2	135	0	0
2014.07.10	1973.5	1974.0	1951.7	1963.0	342	0	0
2014.07.11	1963.2	1969.5	1959.0	1968.2	161	0	0
2014.07.14	1969.5	1979.8	1969.2	1976.8	140	0	0
2014.07.15	1976.7	1982.3	1964.7	1974.0	326	0	0
2014.07.16	1974.2	1983.7	1973.0	1977.2	185	0	0
2014.07.17	1977.0	1982.0	1948.5	1949.2	393	0	0
2014.07.18	1949.4	1980.0	1949.0	1977.5	340	0	0
2014.07.21	1977.0	1977.2	1965.0	1971.7	192	0	0
2014.07.22	1971.9	1986.4	1971.7	1979.9	215	0	0
2014.07.23	1979.7	1989.4	1979.7	1986.7	125	0	0
2014.07.24	1986.6	1991.7	1982.9	1984.1	152	0	0
2014.07.25	1983.9	1986.4	1973.9	1977.0	182	0	0
2014.07.28	1973.7	1981.7	1966.7	1979.0	248	0	0
2014.07.29	1979.2	1985.2	1967.5	1969.4	257	0	0
2014.07.30	1969.7	1979.2	1962.0	1970.1	341	0	0
2014.07.31	1969.9	1970.1	1928.9	1932.6	452	0	0
2014.08.01	1932.9	1937.4	1915.6	1923.4	342	0	0
2014.08.04	1927.1	1942.6	1920.1	1935.9	363	0	0
2014.08.05	1936.0	1938.4	1913.0	1920.7	356	0	0
2014.08.06	1920.5	1928.2	1908.0	1918.6	386	0	0
2014.08.07	1918.3	1930.1	1904.2	1910.0	436	0	0
2014.08.08	1909.7	1932.5	1895.0	1928.0	568	0	0
2014.08.11	1930.3	1944.8	1928.3	1938.0	254	0	0
2014.08.12	1938.1	1942.3	1927.6	1935.7	271	0	0
2014.08.13	1935.5	1949.7	1934.2	1948.2	184	0	0
2014.08.14	1948.0	1958.2	1945.5	1956.5	170	0	0
2014.08.15	1956.6	1964.2	1940.7	1956.0	465	0	0
2014.08.18	1962.2	1971.9	1960.2	1971.5	142	0	0
2014.08.19	1971.7	1982.3	1971.7	1979.8	132	0	0
2014.08.20	1979.5	1988.5	1975.8	1985.3	197	0	0
2014.08.21	1985.4	1994.5	1983.3	1992.2	157	0	0
2014.08.22	1992.4	1993.9	1984.2	1990.7	178	0	0
2014.08.25	1992.4	2002.0	1991.4	1997.2	165	0	0
2014.08.26	1997.0	2005.0	1994.7	2000.6	171	0	0
2014.08.27	2000.7	2002.3	1995.9	1998.7	109	0	0
2014.08.28	1998.4	2001.4	1989.7	2000.4	215	0	0
2014.08.29	2000.3	2005.7	1994.4	2001.3	217	0	0
2014.09.01	2001.3	2003.0	1999.0	2001.5	79	0	0
2014.09.02	2001.3	2008.0	1994.7	2001.7	263	0	0
2014.09.03	2001.9	2012.4	1997.7	2000.7	283	0	0
2014.09.04	2000.5	2011.2	1992.2	2000.5	381	0	0
2014.09.05	2000.2	2007.7	1989.7	2007.2	291	0	0
2014.09.08	2006.4	2007.2	1995.2	2000.9	186	0	0
2014.09.09	2000.7	2003.9	1984.4	1989.7	281	0	0
2014.09.10	1989.5	1997.0	1982.5	1994.2	244	0	0
2014.09.11	1994.0	1999.7	1985.5	1997.7	248	0	0
2014.09.12	1998.0	1998.7	1980.0	1985.2	247	0	0
2014.09.15	1978.0	1987.2	1977.5	1984.7	128	0	0
2014.09.16	1985.0	2002.7	1978.7	1999.2	339	0	0
2014.09.17	1999.4	2011.0	1991.2	2002.0	371	0	0
2014.09.18	2001.7	2017.0	2001.0	2016.0	178	0	0
2014.09.19	2016.2	2022.2	2006.2	2011.0	269	0	0
2014.09.22	2010.2	2010.7	1990.5	1993.0	233	0	0
2014.09.23	1992.8	1995.5	1976.0	1979.8	261	0	0
2014.09.24	1980.0	2000.0	1978.3	1998.8	247	0	0
2014.09.25	1999.0	1999.0	1965.7	1969.7	374	0	0
2014.09.26	1970.0	1986.5	1964.2	1983.2	315	0	0
2014.09.29	1981.2	1984.5	1963.0	1976.0	379	0	0
2014.09.30	1976.1	1985.5	1967.4	1968.9	291	0	0
2014.10.01	1969.1	1974.1	1941.0	1948.4	456	0	0
2014.10.02	1948.6	1952.7	1925.7	1944.5	500	0	0
2014.10.03	1944.2	1971.7	1943.0	1968.0	337	0	0
2014.10.06	1971.2	1978.2	1958.0	1961.2	305	0	0
2014.10.07	1961.5	1963.5	1931.0	1933.0	366	0	0
2014.10.08	1933.2	1970.2	1924.5	1967.6	571	0	0
2014.10.09	1967.4	1974.6	1922.1	1922.7	604	0	0
2014.10.10	1922.8	1937.2	1899.4	1899.4	523	0	0
2014.10.13	1888.7	1912.1	1870.9	1874.4	682	0	0
2014.10.14	1874.6	1898.5	1871.0	1885.7	440	0	0
2014.10.15	1886.0	1889.0	1819.5	1851.5	1046	0	0
2014.10.16	1851.2	1876.0	1822.0	1863.2	961	0	0
2014.10.17	1863.1	1898.0	1857.5	1887.0	572	0	0
2014.10.20	1899.4	1910.5	1878.7	1908.5	546	0	0
2014.10.21	1908.4	1946.3	1892.2	1943.5	732	0	0
2014.10.22	1943.4	1950.0	1926.7	1933.7	370	0	0
2014.10.23	1934.0	1962.0	1928.7	1951.2	495	0	0
2014.10.24	1951.5	1966.5	1937.7	1966.0	432	0	0
2014.10.27	1966.7	1972.2	1951.0	1963.0	388	0	0
2014.10.28	1962.7	1986.5	1962.7	1980.5	299	0	0
2014.10.29	1980.4	1991.3	1968.0	1978.6	449	0	0
2014.10.30	1978.8	1996.1	1964.9	1994.9	464	0	0
2014.10.31	1994.6	2022.4	1993.1	2015.6	377	0	0
2014.11.03	2016.8	2024.6	2012.6	2014.6	219	0	0
2014.11.04	2014.8	2019.1	2000.8	2009.2	311	0	0
2014.11.05	2009.4	2025.2	2009.0	2021.9	200	0	0
2014.11.06	2022.1	2033.3	2015.1	2032.4	262	0	0
2014.11.07	2032.6	2036.9	2024.4	2029.8	223	0	0
2014.11.10	2030.2	2038.5	2024.7	2036.0	219	0	0
2014.11.11	2035.9	2042.5	2034.8	2038.7	127	0	0
2014.11.12	2039.0	2040.5	2030.2	2037.5	192	0	0
2014.11.13	2037.6	2047.0	2030.2	2038.0	333	0	0
2014.11.14	2038.2	2042.8	2035.0	2041.0	129	0	0
2014.11.17	2038.0	2043.2	2028.2	2041.3	268	0	0
2014.11.18	2041.2	2056.6	2038.3	2050.1	278	0	0
2014.11.19	2050.4	2052.5	2040.2	2050.0	243	0	0
2014.11.20	2050.3	2055.0	2037.7	2053.0	320	0	0
2014.11.21	2053.3	2074.5	2052.3	2063.3	345	0	0
2014.11.24	2063.8	2070.8	2062.8	2070.1	98	0	0
2014.11.25	2069.8	2074.6	2064.4	2069.2	199	0	0
2014.11.26	2069.4	2075.9	2065.9	2073.4	161	0	0
2014.11.27	2073.3	2075.4	2069.2	2071.7	109	0	0
2014.11.28	2071.8	2074.1	2064.6	2067.6	149	0	0
2014.12.01	2059.5	2063.4	2049.4	2052.3	209	0	0
2014.12.02	2056.5	2069.0	2052.5	2067.5	221	0	0
2014.12.03	2066.0	2076.5	2064.0	2073.5	176	0	0
2014.12.04	2073.8	2077.6	2062.0	2072.6	301	0	0
2014.12.05	2073.1	2079.6	2069.4	2077.1	165	0	0
2014.12.08	2076.4	2077.8	2054.6	2062.1	322	0	0
2014.12.09	2053.3	2061.1	2033.8	2058.6	494	0	0
2014.12.10	2056.9	2060.4	2023.7	2025.7	423	0	0
2014.12.11	2031.0	2056.3	2023.5	2029.3	640	0	0
2014.12.12	2028.5	2031.9	1996.5	1997.2	396	0	0
2014.12.15	1998.4	2019.0	1981.7	1993.3	696	0	0
2014.12.16	1996.3	2017.9	1968.6	1975.3	777	0	0
2014.12.17	1978.8	2017.5	1975.0	2012.7	512	0	0
2014.12.18	2024.1	2068.0	2020.2	2064.8	550	0	0
2014.12.19	2073.5	2079.8	2062.0	2070.5	327	0	0
2014.12.22	2070.1	2078.6	2069.2	2074.5	145	0	0
2014.12.23	2074.0	2085.8	2072.8	2082.3	178	0	0
2014.12.24	2083.5	2086.8	2080.5	2083.3	125	0	0
2014.12.26	2085.3	2092.5	2084.8	2088.3	125	0	0
2014.12.29	2089.5	2092.3	2079.5	2091.8	234	0	0
2014.12.30	2085.5	2087.3	2078.5	2083.8	160	0	0
2014.12.31	2087.3	2087.3	2057.0	2058.3	317	0	0
2015.01.02	2072.8	2073.0	2044.7	2052.6	365	0	0
2015.01.05	2051.5	2054.0	2016.0	2026.7	513	0	0
2015.01.06	2025.2	2030.2	1991.5	2003.1	554	0	0
2015.01.07	2007.8	2030.0	2003.4	2027.5	336	0	0
2015.01.08	2040.0	2064.8	2037.0	2060.3	354	0	0
2015.01.09	2056.8	2068.3	2037.7	2041.5	460	0	0
2015.01.12	2041.7	2054.5	2021.7	2031.0	550	0	0
2015.01.13	2027.8	2058.3	2007.0	2022.5	974	0	0
2015.01.14	2010.0	2025.5	1987.7	2016.2	695	0	0
2015.01.15	2025.7	2030.7	1984.2	1985.2	526	0	0
2015.01.16	1986.7	2020.5	1979.2	2019.5	499	0	0
2015.01.19	2020.1	2025.7	2009.5	2015.0	274	0	0
2015.01.20	2015.5	2032.5	2004.0	2023.0	496	0	0
2015.01.21	2022.8	2038.8	2011.5	2032.7	448	0	0
2015.01.22	2040.0	2064.8	2025.2	2061.8	575	0	0
2015.01.23	2061.9	2068.3	2049.7	2049.7	251	0	0
2015.01.26	2040.9	2061.0	2031.7	2059.7	399	0	0
2015.01.27	2056.7	2059.5	2019.4	2041.1	647	0	0
2015.01.28	2047.6	2049.1	1997.3	2002.2	583	0	0
2015.01.29	2003.2	2026.7	1988.5	2024.0	557	0	0
2015.01.30	2018.7	2023.8	1993.0	1997.8	408	0	0
2015.02.02	1998.0	2025.0	1980.5	2021.5	656	0	0
2015.02.03	2020.5	2050.0	2019.8	2044.7	363	0	0
2015.02.04	2045.7	2054.8	2026.9	2027.2	374	0	0
2015.02.05	2038.7	2063.7	2033.2	2059.3	405	0	0
2015.02.06	2061.7	2072.6	2049.3	2058.6	436	0	0
2015.02.09	2052.0	2056.3	2041.3	2049.5	276	0	0
2015.02.10	2049.5	2071.0	2045.3	2066.5	345	0	0
2015.02.11	2064.3	2083.4	2057.4	2070.4	460	0	0
2015.02.12	2068.1	2089.1	2065.9	2086.3	283	0	0
2015.02.13	2088.6	2097.9	2086.4	2096.6	151	0	0
2015.02.16	2095.4	2097.1	2087.1	2090.1	148	0	0
2015.02.17	2085.1	2101.6	2083.9	2099.6	210	0	0
2015.02.18	2099.9	2100.9	2091.7	2097.7	163	0	0
2015.02.19	2093.7	2102.4	2090.7	2097.7	195	0	0
2015.02.20	2096.4	2111.4	2085.2	2110.2	387	0	0
2015.02.23	2110.3	2110.8	2102.7	2108.6	146	0	0
2015.02.24	2110.3	2118.3	2105.6	2115.8	200	0	0
2015.02.25	2114.2	2119.8	2109.6	2112.1	184	0	0
2015.02.26	2113.2	2117.1	2103.5	2109.8	239	0	0
2015.02.27	2109.0	2112.8	2103.5	2107.3	170	0	0
2015.03.02	2105.9	2117.3	2102.4	2116.0	198	0	0
2015.03.03	2113.8	2115.0	2097.5	2105.2	265	0	0
2015.03.04	2104.7	2105.2	2087.0	2097.0	288	0	0
2015.03.05	2099.5	2105.0	2095.0	2101.5	181	0	0
2015.03.06	2100.2	2104.5	2067.0	2072.5	474	0	0
2015.03.09	2075.1	2083.6	2067.3	2077.7	301	0	0
2015.03.10	2074.2	2076.0	2042.4	2045.0	381	0	0
2015.03.11	2047.5	2053.0	2039.2	2040.7	209	0	0
2015.03.12	2047.0	2066.6	2043.0	2065.8	285	0	0
2015.03.13	2066.6	2068.8	2040.3	2050.6	411	0	0
2015.03.16	2051.6	2081.5	2047.8	2073.5	456	0	0
2015.03.17	2073.6	2078.8	2063.7	2074.5	294	0	0
2015.03.18	2075.3	2108.0	2060.8	2101.3	685	0	0
2015.03.19	2106.1	2106.3	2085.0	2086.3	229	0	0
2015.03.20	2093.8	2114.5	2092.5	2107.5	304	0	0
2015.03.23	2106.1	2115.0	2101.3	2103.5	249	0	0
2015.03.24	2103.5	2108.8	2090.8	2093.1	257	0	0
2015.03.25	2091.8	2097.1	2060.3	2063.3	452	0	0
2015.03.26	2054.7	2067.3	2041.2	2057.6	494	0	0
2015.03.27	2061.1	2063.0	2049.3	2061.3	273	0	0
2015.03.30	2061.1	2089.5	2059.3	2083.6	380	0	0
2015.03.31	2078.3	2084.0	2064.1	2065.8	274	0	0
2015.04.01	2056.6	2068.3	2047.5	2062.5	358	0	0
2015.04.02	2054.9	2072.5	2052.0	2066.5	295	0	0
2015.04.03	2068.9	2071.5	2046.0	2047.7	299	0	0
2015.04.06	2048.7	2087.8	2046.7	2079.3	517	0	0
2015.04.07	2081.8	2090.5	2073.5	2074.3	266	0	0
2015.04.08	2078.1	2087.5	2072.8	2084.0	236	0	0
2015.04.09	2080.8	2094.0	2074.3	2093.0	273	0	0
2015.04.10	2092.5	2102.8	2090.8	2102.5	141	0	0
2015.04.13	2102.0	2107.8	2092.1	2093.3	228	0	0
2015.04.14	2098.3	2099.3	2082.6	2098.0	332	0	0
2015.04.15	2094.5	2112.1	2094.3	2107.3	229	0	0
2015.04.16	2107.3	2111.3	2096.1	2107.8	300	0	0
2015.04.17	2104.3	2106.8	2071.8	2083.0	488	0	0
2015.04.20	2088.4	2104.8	2086.0	2097.8	283	0	0
2015.04.21	2106.4	2111.8	2094.0	2099.3	286	0	0
2015.04.22	2101.8	2110.0	2086.8	2106.6	417	0	0
2015.04.23	2102.8	2120.6	2093.8	2111.8	447	0	0
2015.04.24	2112.8	2121.0	2110.6	2118.3	154	0	0
2015.04.27	2119.3	2126.0	2106.8	2110.3	295	0	0
2015.04.28	2109.6	2118.6	2094.4	2116.5	416	0	0
2015.04.29	2115.5	2118.7	2096.5	2103.3	323	0	0
2015.04.30	2106.0	2106.0	2076.6	2088.1	410	0	0
2015.05.01	2092.6	2108.7	2089.8	2107.9	226	0	0
2015.05.04	2108.3	2121.2	2104.4	2115.1	269	0	0
2015.05.05	2113.1	2117.8	2087.8	2092.2	392	0	0
2015.05.06	2091.5	2099.2	2066.8	2079.6	530	0	0
2015.05.07	2076.8	2093.2	2062.3	2089.5	492	0	0
2015.05.08	2094.7	2118.0	2090.5	2112.7	371	0	0
2015.05.11	2114.7	2117.7	2100.3	2102.3	225	0	0
2015.05.12	2099.8	2105.2	2083.8	2102.1	406	0	0
2015.05.13	2104.6	2110.6	2095.7	2100.5	258	0	0
2015.05.14	2100.8	2121.8	2096.0	2120.6	319	0	0
2015.05.15	2125.1	2126.1	2116.6	2122.6	166	0	0
2015.05.18	2123.0	2132.0	2115.8	2129.6	259	0	0
2015.05.19	2131.6	2136.9	2124.5	2127.5	208	0	0
2015.05.20	2127.3	2135.0	2117.7	2120.5	279	0	0
2015.05.21	2121.2	2134.3	2119.2	2131.3	202	0	0
2015.05.22	2132.6	2133.1	2125.6	2127.3	98	0	0
2015.05.25	2127.1	2128.3	2121.3	2125.1	121	0	0
2015.05.26	2125.4	2127.1	2098.6	2106.8	385	0	0
2015.05.27	2106.3	2126.4	2103.6	2122.9	291	0	0
2015.05.28	2118.4	2124.6	2112.6	2123.6	189	0	0
2015.05.29	2119.6	2123.6	2104.4	2109.7	286	0	0
2015.06.01	2108.8	2119.4	2102.3	2112.4	307	0	0
2015.06.02	2113.7	2117.7	2096.4	2109.2	382	0	0
2015.06.03	2112.7	2122.2	2108.7	2117.0	228	0	0
2015.06.04	2114.3	2114.5	2092.9	2100.6	296	0	0
2015.06.05	2099.5	2104.1	2085.1	2093.9	325	0	0
2015.06.08	2092.9	2094.9	2077.7	2081.9	235	0	0
2015.06.09	2080.9	2085.8	2070.2	2082.3	299	0	0
2015.06.10	2082.8	2108.8	2081.6	2104.9	324	0	0
2015.06.11	2104.7	2115.4	2104.2	2108.8	184	0	0
2015.06.12	2107.0	2109.0	2091.0	2093.7	228	0	0
2015.06.15	2084.5	2090.2	2072.2	2082.7	343	0	0
2015.06.16	2076.7	2099.4	2071.0	2098.5	351	0	0
2015.06.17	2101.3	2107.5	2088.1	2097.3	349	0	0
2015.06.18	2097.9	2126.8	2094.3	2119.3	437	0	0
2015.06.19	2121.3	2125.5	2105.3	2105.5	247	0	0
2015.06.22	2113.8	2130.2	2111.5	2124.0	273	0	0
2015.06.23	2127.2	2128.2	2119.5	2125.7	160	0	0
2015.06.24	2123.7	2125.5	2107.1	2109.9	231	0	0
2015.06.25	2110.4	2120.6	2100.6	2103.1	328	0	0
2015.06.26	2101.6	2108.8	2094.8	2104.3	254	0	0
2015.06.29	2069.9	2091.2	2055.7	2062.0	632	0	0
2015.06.30	2065.0	2076.8	2055.2	2063.7	420	0	0
2015.07.01	2074.0	2086.0	2068.0	2078.8	313	0	0
2015.07.02	2080.1	2087.3	2070.6	2076.6	300	0	0
2015.07.03	2078.9	2079.3	2071.6	2073.7	103	0	0
2015.07.06	2044.5	2081.0	2042.9	2079.5	413	0	0
2015.07.07	2083.5	2086.3	2043.5	2079.0	812	0	0
2015.07.08	2058.8	2071.5	2043.8	2050.6	473	0	0
2015.07.09	2060.6	2075.4	2045.4	2068.2	525	0	0
2015.07.10	2072.5	2081.5	2066.2	2076.9	263	0	0
2015.07.13	2061.7	2101.3	2059.5	2100.1	453	0	0
2015.07.14	2099.3	2112.1	2097.3	2107.3	217	0	0
2015.07.15	2111.3	2114.9	2101.9	2113.9	235	0	0
2015.07.16	2116.9	2124.9	2116.2	2123.9	105	0	0
2015.07.17	2124.4	2126.6	2119.4	2125.8	131	0	0
2015.07.20	2124.6	2132.9	2123.3	2127.4	165	0	0
2015.07.21	2130.2	2131.7	2113.6	2113.6	197	0	0
2015.07.22	2112.6	2117.7	2109.1	2116.1	138	0	0
2015.07.23	2120.1	2120.1	2098.3	2107.5	311	0	0
2015.07.24	2106.3	2110.8	2076.8	2084.9	467	0	0
2015.07.27	2085.1	2085.5	2063.5	2072.5	315	0	0
2015.07.28	2081.3	2095.8	2068.5	2095.2	408	0	0
2015.07.29	2097.2	2110.8	2093.0	2104.4	285	0	0
2015.07.30	2106.4	2111.0	2094.4	2108.8	309	0	0
2015.07.31	2110.5	2116.0	2102.1	2107.4	248	0	0
2015.08.03	2105.6	2108.9	2086.8	2097.3	360	0	0
2015.08.04	2096.6	2102.8	2088.3	2090.2	227	0	0
2015.08.05	2094.0	2112.6	2092.2	2098.8	361	0	0
2015.08.06	2098.8	2104.3	2075.3	2085.1	444	0	0
2015.08.07	2083.6	2087.8	2067.5	2078.5	356	0	0
2015.08.10	2077.6	2106.2	2077.3	2104.7	308	0	0
2015.08.11	2096.5	2098.5	2075.8	2085.9	349	0	0
2015.08.12	2071.1	2089.6	2051.3	2086.5	613	0	0
2015.08.13	2094.0	2096.3	2078.0	2083.0	257	0	0
2015.08.14	2086.5	2094.8	2078.0	2094.3	259	0	0
2015.08.17	2093.5	2104.6	2078.7	2103.0	424	0	0
2015.08.18	2099.9	2104.0	2094.0	2097.1	173	0	0
2015.08.19	2093.4	2096.9	2070.1	2077.4	377	0	0
2015.08.20	2072.4	2075.9	2028.0	2029.9	534	0	0
2015.08.21	2021.4	2031.7	1971.4	1972.9	722	0	0
2015.08.24	1967.8	1967.9	1834.0	1888.5	1886	0	0
2015.08.25	1903.6	1952.2	1860.1	1869.6	1503	0	0
2015.08.26	1894.7	1946.3	1879.1	1943.0	862	0	0
2015.08.27	1949.7	1993.3	1946.2	1989.3	547	0	0
2015.08.28	1982.3	1993.9	1970.3	1989.1	405	0	0
2015.08.31	1989.4	1990.2	1962.4	1964.8	311	0	0
2015.09.01	1942.3	1946.3	1902.1	1917.4	636	0	0
2015.09.02	1932.2	1960.1	1919.1	1956.6	577	0	0
2015.09.03	1950.4	1975.3	1944.3	1950.8	617	0	0
2015.09.04	1942.0	1942.5	1910.5	1922.0	441	0	0
2015.09.07	1919.2	1944.7	1918.7	1933.2	381	0	0
2015.09.08	1932.7	1970.4	1932.4	1966.5	423	0	0
2015.09.09	1989.0	1993.5	1934.7	1937.4	661	0	0
2015.09.10	1949.2	1968.7	1930.4	1953.7	722	0	0
2015.09.11	1955.4	1963.3	1938.4	1962.4	429	0	0
2015.09.14	1964.1	1970.3	1947.5	1955.5	371	0	0
2015.09.15	1953.0	1983.1	1946.1	1980.6	465	0	0
2015.09.16	1979.6	1999.2	1974.9	1996.5	318	0	0
2015.09.17	1994.5	2021.5	1982.3	1988.8	728	0	0
2015.09.18	1989.5	1992.5	1952.7	1958.6	488	0	0
2015.09.21	1961.0	1980.2	1953.2	1973.5	416	0	0
2015.09.22	1969.4	1969.5	1928.7	1937.8	501	0	0
2015.09.23	1932.8	1952.6	1930.8	1941.6	349	0	0
2015.09.24	1935.5	1946.9	1908.1	1935.5	777	0	0
2015.09.25	1941.6	1961.1	1921.2	1929.9	682	0	0
2015.09.28	1925.9	1939.8	1879.1	1886.9	825	0	0
2015.09.29	1875.8	1898.9	1870.9	1885.1	468	0	0
2015.09.30	1902.0	1919.6	1895.9	1913.1	364	0	0
2015.10.01	1937.0	1938.5	1899.6	1926.9	678	0	0
2015.10.02	1927.8	1952.9	1892.4	1952.8	961	0	0
2015.10.05	1951.0	1989.6	1946.6	1982.1	550	0	0
2015.10.06	1977.6	1991.9	1969.8	1971.4	381	0	0
2015.10.07	1986.1	1999.9	1976.4	1996.4	368	0	0
2015.10.08	1981.9	2016.9	1979.4	2013.1	439	0	0
2015.10.09	2016.2	2022.0	2006.7	2014.7	292	0	0
2015.10.12	2013.1	2021.6	2010.0	2018.1	183	0	0
2015.10.13	2017.4	2022.5	1998.4	1999.9	308	0	0
2015.10.14	2001.1	2009.4	1990.3	1995.4	326	0	0
2015.10.15	2005.2	2030.2	1997.2	2028.5	428	0	0
2015.10.16	2025.2	2034.2	2020.5	2034.0	187	0	0
2015.10.19	2032.5	2035.7	2022.2	2033.2	264	0	0
2015.10.20	2032.7	2039.2	2024.2	2027.5	249	0	0
2015.10.21	2034.2	2039.5	2014.5	2017.2	331	0	0
2015.10.22	2021.7	2068.1	2019.5	2066.1	529	0	0
2015.10.23	2062.1	2080.8	2060.1	2071.6	320	0	0
2015.10.26	2072.6	2074.6	2064.3	2070.1	182	0	0
2015.10.27	2067.8	2071.3	2058.3	2067.2	255	0	0
2015.10.28	2069.4	2091.5	2062.0	2087.0	415	0	0
2015.10.29	2085.0	2092.8	2079.8	2089.4	217	0	0
2015.10.30	2097.0	2099.4	2076.3	2080.0	293	0	0
2015.11.02	2079.8	2106.1	2071.0	2100.8	493	0	0
2015.11.03	2100.0	2116.5	2095.5	2107.4	347	0	0
2015.11.04	2108.9	2115.4	2096.7	2099.3	279	0	0
2015.11.05	2103.1	2110.3	2089.8	2097.6	356	0	0
2015.11.06	2099.4	2104.0	2083.1	2099.4	419	0	0
2015.11.09	2093.4	2095.2	2067.0	2076.9	400	0	0
2015.11.10	2081.4	2083.7	2069.1	2080.3	282	0	0
2015.11.11	2083.2	2091.9	2072.4	2073.6	295	0	0
2015.11.12	2078.6	2081.9	2042.8	2047.3	470	0	0
2015.11.13	2048.6	2050.3	2021.1	2022.3	322	0	0
2015.11.16	2019.2	2053.3	2018.3	2052.9	364	0	0
2015.11.17	2054.2	2066.4	2045.0	2050.0	387	0	0
2015.11.18	2056.3	2085.2	2055.9	2083.1	319	0	0
2015.11.19	2082.5	2086.4	2077.9	2080.7	153	0	0
2015.11.20	2089.1	2096.7	2083.8	2088.8	256	0	0
2015.11.23	2088.6	2095.2	2080.4	2085.7	268	0	0
2015.11.24	2075.0	2093.6	2069.2	2089.0	349	0	0
2015.11.25	2091.1	2093.2	2085.4	2088.5	131	0	0
2015.11.26	2091.3	2100.2	2090.8	2096.3	139	0	0
2015.11.27	2090.0	2093.0	2083.1	2091.7	182	0	0
2015.11.30	2088.1	2096.3	2080.1	2080.6	250	0	0
2015.12.01	2092.1	2102.9	2085.7	2101.6	250	0	0
2015.12.02	2105.0	2105.9	2076.0	2079.0	339	0	0
2015.12.03	2085.7	2096.6	2041.5	2050.3	749	0	0
2015.12.04	2055.9	2094.3	2048.3	2090.7	573	0	0
2015.12.07	2087.4	2096.3	2065.5	2076.8	511	0	0
2015.12.08	2073.9	2078.1	2051.1	2063.2	434	0	0
2015.12.09	2064.8	2080.4	2034.8	2046.8	733	0	0
2015.12.10	2048.5	2067.9	2044.5	2051.5	439	0	0
2015.12.11	2053.2	2055.8	2007.7	2011.6	547	0	0
2015.12.14	2020.7	2028.5	1992.6	2022.5	701	0	0
2015.12.15	2020.7	2054.1	2019.2	2043.3	473	0	0
2015.12.16	2050.2	2077.0	2040.1	2072.3	518	0	0
2015.12.17	2067.7	2081.8	2040.7	2041.6	562	0	0
2015.12.18	2029.2	2039.1	2004.4	2005.0	453	0	0
2015.12.21	2010.9	2023.7	2004.8	2021.1	277	0	0
2015.12.22	2029.1	2043.0	2015.9	2039.4	440	0	0
2015.12.23	2041.5	2065.8	2040.9	2064.4	270	0	0
2015.12.24	2057.4	2061.5	2056.3	2060.0	79	0	0
2015.12.28	2059.4	2060.2	2042.5	2055.1	312	0	0
2015.12.29	2059.0	2082.0	2057.7	2077.8	299	0	0
2015.12.30	2079.0	2079.9	2060.0	2062.0	229	0	0
2015.12.31	2064.3	2064.4	2061.5	2062.2	38	0	0
2016.01.04	2024.1	2025.3	1988.5	2013.2	628	0	0
2016.01.05	2020.9	2021.7	2000.6	2016.8	382	0	0
2016.01.06	2000.9	2005.4	1978.1	1990.5	443	0	0
2016.01.07	1959.8	1976.2	1937.5	1942.3	600	0	0
2016.01.08	1961.4	1972.4	1917.4	1921.0	697	0	0
2016.01.11	1912.0	1936.4	1899.9	1922.4	627	0	0
2016.01.12	1911.7	1947.4	1908.2	1938.4	518	0	0
2016.01.13	1944.6	1953.5	1885.0	1889.9	824	0	0
2016.01.14	1899.8	1934.6	1878.5	1920.5	916	0	0
2016.01.15	1902.7	1910.0	1856.5	1879.2	836	0	0
2016.01.18	1888.4	1897.1	1873.8	1879.9	382	0	0
2016.01.19	1900.6	1914.6	1863.3	1881.1	832	0	0
2016.01.20	1845.4	1875.8	1810.9	1858.8	1165	0	0
2016.01.21	1851.1	1890.0	1842.8	1867.7	779	0	0
2016.01.22	1886.9	1909.0	1883.8	1906.5	309	0	0
2016.01.25	1906.8	1907.6	1874.8	1876.9	358	0	0
2016.01.26	1868.1	1906.7	1857.3	1903.5	635	0	0
2016.01.27	1896.2	1916.5	1871.0	1881.9	768	0	0
2016.01.28	1885.5	1909.0	1871.7	1892.2	680	0	0
2016.01.29	1905.2	1937.9	1893.8	1937.7	558	0	0
2016.02.01	1935.0	1946.5	1918.8	1937.3	532	0	0
2016.02.02	1930.4	1932.3	1895.4	1902.0	455	0	0
2016.02.03	1901.8	1918.1	1871.0	1912.4	837	0	0
2016.02.04	1925.1	1927.3	1895.4	1915.0	538	0	0
2016.02.05	1910.8	1919.6	1871.1	1878.8	651	0	0
2016.02.08	1889.2	1889.5	1827.6	1853.4	881	0	0
2016.02.09	1842.5	1868.4	1831.0	1852.3	651	0	0
2016.02.10	1851.7	1881.5	1849.2	1851.2	642	0	0
2016.02.11	1842.7	1844.6	1807.2	1827.0	592	0	0
2016.02.12	1827.7	1863.8	1827.2	1863.5	375	0	0
2016.02.15	1880.7	1893.6	1876.2	1888.5	271	0	0
2016.02.16	1892.5	1894.9	1873.3	1893.8	420	0	0
2016.02.17	1887.4	1929.6	1884.1	1925.0	535	0	0
2016.02.18	1927.0	1936.1	1914.0	1917.2	345	0	0
2016.02.19	1922.7	1925.2	1900.7	1916.6	430	0	0
2016.02.22	1926.5	1946.2	1925.7	1944.0	236	0	0
2016.02.23	1932.7	1940.3	1917.6	1920.0	328	0	0
2016.02.24	1918.9	1932.0	1889.5	1928.8	752	0	0
2016.02.25	1925.3	1951.5	1922.5	1951.3	321	0	0
2016.02.26	1953.8	1970.3	1944.6	1946.9	446	0	0
2016.02.29	1934.3	1958.1	1929.3	1930.5	539	0	0
2016.03.01	1932.2	1977.2	1931.5	1976.9	468	0	0
2016.03.02	1983.4	1985.6	1967.5	1985.0	347	0	0
2016.03.03	1985.5	1993.0	1975.8	1992.4	276	0	0
2016.03.04	1991.1	2008.5	1985.1	1999.1	389	0	0
2016.03.07	1994.7	2005.7	1985.7	2000.7	341	0	0
2016.03.08	1992.0	1995.2	1976.6	1978.8	241	0	0
2016.03.09	1985.7	1994.4	1978.3	1988.3	297	0	0
2016.03.10	1988.8	2010.3	1967.7	1989.0	851	0	0
2016.03.11	2002.8	2021.8	2001.8	2021.1	218	0	0
2016.03.14	2017.4	2023.9	2011.2	2018.0	249	0	0
2016.03.15	2013.7	2016.8	2004.5	2015.8	226	0	0
2016.03.16	2016.0	2031.6	2006.0	2026.1	412	0	0
2016.03.17	2030.7	2045.7	2014.5	2040.1	531	0	0
2016.03.18	2038.8	2052.4	2035.9	2048.3	236	0	0
2016.03.21	2042.6	2053.4	2039.6	2052.1	182	0	0
2016.03.22	2049.5	2055.5	2037.1	2050.7	357	0	0
2016.03.23	2048.0	2053.4	2033.7	2036.7	282	0	0
2016.03.24	2031.3	2039.1	2020.4	2038.5	303	0	0
2016.03.29	2039.4	2056.1	2027.4	2055.0	419	0	0
2016.03.30	2056.6	2072.1	2055.8	2063.5	258	0	0
2016.03.31	2058.8	2067.3	2054.4	2057.9	250	0	0
2016.04.01	2053.8	2074.7	2042.8	2072.5	452	0	0
2016.04.04	2073.7	2078.8	2061.5	2065.1	261	0	0
2016.04.05	2056.7	2059.8	2041.4	2044.9	251	0	0
2016.04.06	2053.1	2067.0	2041.6	2066.3	377	0	0
2016.04.07	2065.4	2067.3	2031.8	2041.3	470	0	0
2016.04.08	2047.7	2060.6	2040.4	2046.7	395	0	0
2016.04.11	2046.4	2062.6	2038.7	2041.6	431	0	0
2016.04.12	2044.1	2064.6	2038.6	2061.4	348	0	0
2016.04.13	2067.6	2082.9	2063.8	2081.8	241	0	0
2016.04.14	2080.9	2087.3	2074.0	2081.2	264	0	0
2016.04.15	2083.1	2083.2	2075.1	2079.0	122	0	0
2016.04.18	2066.5	2094.3	2064.0	2094.2	330	0	0
2016.04.19	2095.2	2104.1	2090.4	2099.8	229	0	0
2016.04.20	2092.4	2110.8	2091.1	2101.9	300	0	0
2016.04.21	2109.0	2109.3	2087.4	2090.5	254	0	0
2016.04.22	2090.9	2094.3	2080.0	2090.8	286	0	0
2016.04.25	2088.2	2091.2	2076.2	2087.4	293	0	0
2016.04.26	2087.8	2096.3	2084.5	2090.6	209	0	0
2016.04.27	2087.5	2099.3	2081.2	2094.5	293	0	0
2016.04.28	2082.8	2098.7	2070.3	2075.4	495	0	0
2016.04.29	2075.4	2080.6	2050.7	2063.7	482	0	0
2016.05.02	2064.6	2082.7	2064.4	2080.7	206	0	0
2016.05.03	2077.5	2080.1	2053.2	2062.1	385	0	0
2016.05.04	2060.3	2063.2	2044.2	2050.3	281	0	0
2016.05.05	2058.1	2064.6	2044.1	2049.2	322	0	0
2016.05.06	2046.1	2057.5	2035.4	2056.8	336	0	0
2016.05.09	2056.2	2064.4	2052.9	2058.5	208	0	0
2016.05.10	2063.6	2084.6	2062.1	2084.1	246	0	0
2016.05.11	2077.4	2081.8	2063.2	2063.8	237	0	0
2016.05.12	2066.1	2076.1	2051.8	2064.2	468	0	0
2016.05.13	2054.5	2066.7	2041.5	2045.5	415	0	0
2016.05.16	2050.0	2071.5	2043.6	2066.0	399	0	0
2016.05.17	2067.2	2070.4	2039.2	2045.8	411	0	0
2016.05.18	2044.8	2060.0	2033.0	2046.0	529	0	0
2016.05.19	2039.4	2043.3	2024.4	2039.1	376	0	0
2016.05.20	2048.3	2058.1	2042.9	2051.0	278	0	0
2016.05.23	2052.9	2058.2	2046.5	2048.3	189	0	0
2016.05.24	2044.6	2079.0	2043.2	2074.9	414	0	0
2016.05.25	2079.5	2094.4	2079.0	2088.9	215	0	0
2016.05.26	2086.8	2093.4	2085.6	2089.2	133	0	0
2016.05.27	2092.2	2098.1	2089.9	2098.1	106	0	0
2016.05.30	2103.8	2104.5	2100.7	2103.1	70	0	0
2016.05.31	2101.8	2102.6	2086.7	2094.7	248	0	0
2016.06.01	2094.2	2100.0	2083.7	2097.7	292	0	0
2016.06.02	2093.1	2104.2	2087.5	2104.2	224	0	0
2016.06.03	2104.2	2106.6	2083.5	2098.1	402	0	0
2016.06.06	2098.4	2112.9	2095.7	2108.8	241	0	0
2016.06.07	2109.7	2118.6	2109.5	2111.9	161	0	0
2016.06.08	2110.6	2119.7	2108.8	2118.0	145	0	0
2016.06.09	2115.5	2116.9	2106.4	2114.9	205	0	0
2016.06.10	2111.8	2113.3	2088.5	2094.9	328	0	0
2016.06.13	2086.2	2097.8	2077.2	2078.5	336	0	0
2016.06.14	2080.0	2081.1	2062.6	2074.4	315	0	0
2016.06.15	2072.0	2085.2	2068.6	2071.2	325	0	0
2016.06.16	2062.4	2079.1	2048.6	2077.8	457	0	0
2016.06.17	2079.1	2079.9	2061.3	2069.9	281	0	0
2016.06.20	2090.5	2100.4	2081.6	2082.9	301	0	0
2016.06.21	2088.4	2093.7	2081.3	2087.2	237	0	0
2016.06.22	2090.0	2099.0	2082.8	2084.2	267	0	0
2016.06.23	2096.6	2112.1	2092.8	2112.0	233	0	0
2016.06.24	2009.2	2073.5	2009.2	2036.1	1018	0	0
2016.06.27	2021.6	2028.6	1990.1	1999.6	551	0	0
2016.06.28	2011.1	2035.1	2008.4	2035.0	296	0	0
2016.06.29	2039.4	2072.7	2039.0	2069.8	371	0	0
2016.06.30	2068.9	2098.9	2067.1	2098.9	337	0	0
2016.07.01	2095.0	2108.0	2089.5	2102.0	301	0	0
2016.07.04	2108.8	2111.7	2102.2	2107.1	174	0	0
2016.07.05	2099.8	2099.8	2079.5	2087.7	286	0	0
2016.07.06	2083.2	2100.7	2072.4	2098.8	411	0	0
2016.07.07	2099.5	2108.3	2088.0	2096.7	379	0	0
2016.07.08	2095.1	2131.4	2094.7	2128.2	404	0	0
2016.07.11	2135.1	2143.0	2128.5	2135.8	284	0	0
2016.07.12	2137.1	2154.9	2136.1	2151.2	236	0	0
2016.07.13	2148.8	2157.3	2144.6	2150.7	236	0	0
2016.07.14	2161.1	2173.3	2157.9	2162.0	300	0	0
2016.07.15	2158.7	2169.8	2154.2	2159.4	306	0	0
2016.07.18	2163.7	2167.6	2157.8	2165.6	178	0	0
2016.07.19	2163.1	2164.0	2156.7	2163.5	143	0	0
2016.07.20	2163.6	2175.1	2163.3	2172.3	150	0	0
2016.07.21	2172.2	2174.1	2158.4	2163.8	231	0	0
2016.07.22	2162.8	2174.2	2162.0	2173.4	139	0	0
2016.07.25	2171.1	2175.9	2160.9	2167.9	269	0	0
2016.07.26	2169.1	2172.8	2158.6	2168.5	279	0	0
2016.07.27	2171.4	2173.8	2157.2	2166.1	280	0	0
2016.07.28	2168.7	2172.8	2158.5	2169.2	282	0	0
2016.07.29	2168.8	2176.5	2162.2	2172.0	255	0	0
2016.08.01	2182.0	2182.4	2164.7	2169.5	230	0	0
2016.08.02	2172.0	2173.3	2146.5	2156.2	379	0	0
2016.08.03	2154.2	2162.7	2150.5	2162.3	164	0	0
2016.08.04	2162.7	2168.3	2158.1	2164.1	191	0	0
2016.08.05	2165.7	2182.3	2164.6	2181.8	194	0	0
2016.08.08	2181.9	2186.3	2176.4	2179.5	175	0	0
2016.08.09	2179.6	2187.0	2177.2	2181.0	183	0	0
2016.08.10	2179.1	2184.5	2170.6	2174.5	233	0	0
2016.08.11	2178.1	2187.9	2175.2	2185.3	183	0	0
2016.08.12	2183.9	2186.3	2177.8	2182.5	157	0	0
2016.08.15	2185.8	2193.0	2184.9	2189.1	130	0	0
2016.08.16	2185.0	2187.8	2176.5	2176.7	144	0	0
2016.08.17	2180.5	2182.3	2166.9	2180.3	307	0	0
2016.08.18	2182.6	2186.4	2178.0	2186.1	134	0	0
2016.08.19	2184.5	2185.4	2174.1	2182.7	209	0	0
2016.08.22	2178.6	2185.8	2174.7	2181.5	194	0	0
2016.08.23	2183.1	2192.8	2182.5	2186.1	177	0	0
2016.08.24	2185.1	2188.7	2169.9	2175.1	277	0	0
2016.08.25	2177.0	2178.6	2168.7	2173.0	159	0	0
2016.08.26	2174.5	2187.6	2158.5	2168.6	524	0	0
2016.08.29	2168.5	2183.1	2165.4	2180.1	239	0	0
2016.08.30	2179.4	2181.6	2168.9	2175.4	215	0	0
2016.08.31	2174.5	2176.0	2159.4	2168.7	275	0	0
2016.09.01	2173.7	2177.6	2155.7	2169.7	399	0	0
2016.09.02	2167.3	2184.5	2164.8	2178.8	280	0	0
2016.09.05	2182.2	2182.7	2175.3	2179.4	121	0	0
2016.09.06	2179.9	2186.1	2173.6	2186.0	190	0	0
2016.09.07	2185.4	2186.8	2177.5	2185.1	184	0	0
2016.09.08	2186.5	2189.5	2176.0	2180.1	207	0	0
2016.09.09	2177.8	2178.2	2126.7	2127.0	523	0	0
2016.09.12	2112.8	2162.9	2107.5	2158.2	655	0	0
2016.09.13	2148.3	2148.7	2118.4	2125.5	379	0	0
2016.09.14	2133.2	2140.8	2118.3	2124.7	366	0	0
2016.09.15	2121.4	2150.6	2118.7	2146.6	387	0	0
2016.09.16	2140.8	2141.7	2130.0	2138.1	208	0	0
2016.09.19	2147.8	2153.3	2134.5	2138.0	279	0	0
2016.09.20	2144.3	2150.3	2137.9	2138.3	189	0	0
2016.09.21	2146.0	2164.2	2138.0	2161.7	368	0	0
2016.09.22	2160.0	2179.3	2159.5	2175.7	240	0	0
2016.09.23	2174.3	2174.8	2162.9	2163.7	133	0	0
2016.09.26	2159.9	2161.4	2143.6	2146.2	220	0	0
2016.09.27	2158.5	2160.6	2139.9	2159.3	407	0	0
2016.09.28	2157.1	2171.6	2150.5	2170.0	294	0	0
2016.09.29	2172.5	2173.3	2143.8	2150.0	366	0	0
2016.09.30	2146.9	2174.6	2144.9	2166.8	396	0	0
2016.10.03	2167.5	2169.1	2153.1	2159.6	242	0	0
2016.10.04	2161.3	2166.1	2143.1	2150.0	348	0	0
2016.10.05	2150.2	2164.1	2147.3	2159.4	245	0	0
2016.10.06	2158.2	2162.5	2149.4	2160.5	240	0	0
2016.10.07	2157.8	2166.9	2144.3	2153.1	406	0	0
2016.10.10	2157.0	2169.6	2154.7	2163.1	238	0	0
2016.10.11	2160.3	2162.1	2127.8	2136.8	452	0	0
2016.10.12	2141.1	2145.5	2132.2	2139.4	250	0	0
2016.10.13	2122.9	2138.1	2113.7	2132.5	393	0	0
2016.10.14	2132.5	2149.1	2131.0	2133.0	358	0	0
2016.10.17	2126.7	2135.7	2123.8	2126.0	232	0	0
2016.10.18	2136.4	2145.5	2134.6	2139.0	193	0	0
2016.10.19	2139.4	2148.2	2133.8	2143.8	245	0	0
2016.10.20	2147.2	2147.4	2132.2	2140.1	234	0	0
2016.10.21	2136.4	2141.9	2128.6	2140.5	226	0	0
2016.10.24	2143.4	2154.7	2143.4	2149.6	165	0	0
2016.10.25	2153.0	2154.9	2141.4	2143.3	174	0	0
2016.10.26	2139.8	2146.1	2130.8	2139.3	302	0	0
2016.10.27	2135.7	2149.7	2132.5	2133.6	324	0	0
2016.10.28	2131.3	2140.4	2117.9	2125.6	394	0	0
2016.10.31	2133.8	2134.3	2124.4	2127.2	133	0	0
2016.11.01	2134.0	2134.8	2096.5	2107.4	501	0	0
2016.11.02	2101.2	2111.7	2093.0	2095.5	318	0	0
2016.11.03	2092.9	2103.5	2084.5	2087.7	329	0	0
2016.11.04	2090.5	2098.9	2083.2	2086.3	273	0	0
2016.11.07	2111.8	2131.7	2110.9	2130.5	230	0	0
2016.11.08	2129.2	2146.6	2122.4	2139.0	387	0	0
2016.11.09	2057.9	2170.3	2053.9	2162.6	1282	0	0
2016.11.10	2169.3	2181.9	2150.8	2166.6	596	0	0
2016.11.11	2170.3	2171.0	2151.6	2162.6	312	0	0
2016.11.14	2174.7	2176.0	2155.5	2163.5	299	0	0
2016.11.15	2166.3	2180.3	2164.2	2180.0	186	0	0
2016.11.16	2182.4	2182.7	2171.2	2176.5	172	0	0
2016.11.17	2177.1	2187.5	2173.9	2186.4	180	0	0
2016.11.18	2184.9	2189.5	2178.5	2181.6	188	0	0
2016.11.21	2185.7	2197.9	2180.9	2197.3	225	0	0
2016.11.22	2202.3	2204.2	2193.7	2201.5	203	0	0
2016.11.23	2202.9	2205.4	2194.0	2203.2	226	0	0
2016.11.24	2201.6	2208.8	2201.3	2208.1	86	0	0
2016.11.25	2206.3	2213.4	2204.4	2213.3	111	0	0
2016.11.28	2208.6	2211.1	2199.9	2201.8	157	0	0
2016.11.29	2201.5	2210.1	2197.1	2204.1	235	0	0
2016.11.30	2204.7	2213.8	2198.6	2198.6	244	0	0
2016.12.01	2195.9	2203.3	2186.2	2190.4	288	0	0
2016.12.02	2189.4	2197.6	2184.7	2191.3	240	0	0
2016.12.05	2184.2	2208.9	2182.5	2203.9	332	0	0
2016.12.06	2204.5	2212.3	2201.3	2212.0	146	0	0
2016.12.07	2211.7	2241.2	2206.8	2239.9	407	0	0
2016.12.08	2238.5	2251.6	2232.5	2245.2	316	0	0
2016.12.09	2246.4	2260.0	2244.9	2259.5	172	0	0
2016.12.12	2258.5	2264.0	2252.0	2256.5	221	0	0
2016.12.13	2256.9	2277.4	2256.2	2271.0	284	0	0
2016.12.14	2270.6	2277.2	2247.1	2252.3	420	0	0
2016.12.15	2258.1	2271.7	2251.5	2261.2	374	0	0
2016.12.16	2263.6	2268.0	2253.7	2257.0	221	0	0
2016.12.19	2262.9	2267.2	2257.5	2262.1	187	0	0
2016.12.20	2264.2	2272.4	2264.1	2270.1	108	0	0
2016.12.21	2268.1	2270.5	2263.0	2263.4	104	0	0
2016.12.22	2260.4	2264.1	2255.3	2260.1	174	0	0
2016.12.23	2262.8	2263.9	2258.0	2262.2	113	0	0
2016.12.27	2262.4	2272.9	2261.6	2267.4	177	0	0
2016.12.28	2268.0	2270.7	2248.0	2248.6	261	0	0
2016.12.29	2251.0	2254.2	2244.0	2248.7	182	0	0
2016.12.30	2255.1	2256.0	2232.5	2240.5	325	0	0
2017.01.03	2252.0	2263.8	2244.0	2256.2	355	0	0
2017.01.04	2260.0	2271.5	2258.5	2269.7	164	0	0
2017.01.05	2267.1	2271.0	2259.8	2268.5	211	0	0
2017.01.06	2267.7	2281.7	2263.2	2276.7	281	0	0
2017.01.09	2278.8	2279.8	2268.2	2268.6	131	0	0
2017.01.10	2267.1	2278.5	2264.1	2268.2	278	0	0
2017.01.11	2267.1	2274.2	2259.4	2274.1	227	0	0
2017.01.12	2269.4	2271.8	2253.3	2269.8	367	0	0
2017.01.13	2270.5	2277.9	2267.5	2273.8	176	0	0
2017.01.16	2271.3	2273.3	2269.7	2270.5	65	0	0
2017.01.17	2269.3	2271.7	2262.1	2269.9	187	0	0
2017.01.18	2267.4	2274.1	2267.0	2271.4	103	0	0
2017.01.19	2271.1	2274.7	2258.5	2266.3	277	0	0
2017.01.20	2266.4	2278.0	2265.2	2271.6	205	0	0
2017.01.23	2270.6	2272.6	2257.1	2266.6	271	0	0
2017.01.24	2265.9	2285.7	2265.0	2281.0	264	0	0
2017.01.25	2281.0	2300.5	2280.2	2299.0	227	0	0
2017.01.26	2299.0	2304.8	2295.1	2299.7	188	0	0
2017.01.27	2298.9	2302.0	2292.3	2294.1	147	0	0
2017.01.30	2288.8	2291.1	2268.6	2281.5	378	0	0
2017.01.31	2281.2	2281.9	2267.8	2281.2	283	0	0
2017.02.01	2282.3	2289.7	2273.3	2280.1	307	0	0
2017.02.02	2279.7	2284.5	2269.6	2279.2	294	0	0
2017.02.03	2279.0	2298.4	2275.4	2295.7	294	0	0
2017.02.06	2297.2	2298.8	2288.5	2290.9	144	0	0
2017.02.07	2290.6	2299.7	2289.0	2291.1	210	0	0
2017.02.08	2289.9	2295.9	2285.2	2294.7	167	0	0
2017.02.09	2294.1	2311.7	2291.6	2307.1	273	0	0
2017.02.10	2307.8	2319.3	2306.8	2316.8	161	0	0
2017.02.13	2316.5	2332.1	2316.5	2329.8	180	0	0
2017.02.14	2329.4	2340.2	2322.4	2339.2	259	0	0
2017.02.15	2337.9	2353.6	2333.7	2353.4	244	0	0
2017.02.16	2352.4	2352.4	2338.8	2348.2	231	0	0
2017.02.17	2347.1	2350.6	2338.7	2349.8	212	0	0
2017.02.20	2348.6	2358.7	2348.2	2354.6	151	0	0
2017.02.21	2354.9	2366.9	2351.4	2363.0	230	0	0
2017.02.22	2361.9	2365.7	2357.5	2363.1	153	0	0
2017.02.23	2363.4	2369.2	2355.0	2363.9	280	0	0
2017.02.24	2362.6	2366.9	2350.9	2365.6	291	0	0
2017.02.27	2367.5	2372.0	2362.5	2367.2	188	0	0
2017.02.28	2367.5	2370.0	2359.0	2363.7	183	0	0
2017.03.01	2365.3	2401.9	2364.3	2393.8	468	0	0
2017.03.02	2393.4	2395.2	2378.9	2381.5	208	0	0
2017.03.03	2380.6	2383.9	2374.7	2381.1	180	0	0
2017.03.06	2378.6	2379.1	2367.9	2372.9	168	0	0
2017.03.07	2372.2	2376.3	2365.5	2367.7	172	0	0
2017.03.08	2366.0	2373.3	2360.1	2363.5	240	0	0
2017.03.09	2363.5	2369.6	2354.6	2367.2	264	0	0
2017.03.10	2367.7	2380.0	2363.0	2372.1	297	0	0
2017.03.13	2372.2	2375.2	2368.2	2374.9	114	0	0
2017.03.14	2374.4	2374.9	2358.5	2366.5	250	0	0
2017.03.15	2367.5	2391.3	2366.9	2381.9	345	0	0
2017.03.16	2382.4	2392.4	2377.8	2384.8	269	0	0
2017.03.17	2383.3	2386.4	2377.3	2379.3	143	0	0
2017.03.20	2377.7	2379.9	2369.8	2374.7	173	0	0
2017.03.21	2372.7	2382.8	2342.4	2344.8	530	0	0
2017.03.22	2345.3	2353.0	2336.6	2346.1	321	0	0
2017.03.23	2346.9	2360.4	2342.9	2345.8	340	0	0
2017.03.24	2346.8	2357.2	2336.3	2347.1	416	0	0
2017.03.27	2340.8	2345.8	2322.4	2343.8	439	0	0
2017.03.28	2344.6	2364.9	2338.2	2356.1	420	0	0
2017.03.29	2356.2	2363.8	2353.1	2361.0	167	0	0
2017.03.30	2360.5	2371.0	2357.7	2368.6	186	0	0
2017.03.31	2369.9	2371.1	2361.2	2362.5	125	0	0
2017.04.03	2360.7	2367.7	2344.5	2359.1	449	0	0
2017.04.04	2358.9	2362.6	2349.2	2362.4	234	0	0
2017.04.05	2363.4	2379.4	2348.1	2349.9	492	0	0
2017.04.06	2348.3	2365.1	2341.7	2357.2	380	0	0
2017.04.07	2359.0	2364.6	2340.8	2356.2	449	0	0
2017.04.10	2356.0	2367.1	2351.6	2358.0	291	0	0
2017.04.11	2357.9	2359.7	2337.2	2354.9	421	0	0
2017.04.12	2355.4	2360.2	2341.6	2343.4	253	0	0
2017.04.13	2343.6	2348.6	2327.6	2329.9	284	0	0
2017.04.17	2329.6	2349.6	2326.5	2348.9	270	0	0
2017.04.18	2348.6	2350.7	2334.2	2341.9	264	0	0
2017.04.19	2341.7	2352.8	2334.9	2336.9	311	0	0
2017.04.20	2338.8	2362.0	2337.2	2355.2	333	0	0
2017.04.21	2356.2	2359.4	2344.3	2350.2	243	0	0
2017.04.24	2348.1	2380.2	2348.1	2374.2	382	0	0
2017.04.25	2372.9	2393.0	2372.0	2388.5	265	0	0
2017.04.26	2387.0	2398.9	2385.8	2387.0	263	0	0
2017.04.27	2386.2	2393.0	2383.0	2390.9	154	0	0
2017.04.28	2389.7	2393.2	2382.9	2384.3	153	0	0
2017.05.01	2385.7	2395.5	2381.7	2391.6	218	0	0
2017.05.02	2390.6	2393.5	2386.7	2389.4	125	0	0
2017.05.03	2387.2	2390.2	2380.3	2386.6	193	0	0
2017.05.04	2385.8	2395.0	2380.3	2390.8	245	0	0
2017.05.05	2390.0	2403.0	2383.4	2402.7	266	0	0
2017.05.08	2406.5	2406.5	2393.8	2398.5	175	0	0
2017.05.09	2398.6	2404.0	2392.6	2396.6	209	0	0
2017.05.10	2394.7	2399.7	2390.6	2398.5	145	0	0
2017.05.11	2397.0	2397.3	2381.4	2393.1	280	0	0
2017.05.12	2392.9	2393.7	2386.7	2390.4	116	0	0
2017.05.15	2389.8	2404.4	2389.8	2401.5	176	0	0
2017.05.16	2400.8	2406.2	2395.7	2399.4	197	0	0
2017.05.17	2396.4	2396.9	2355.9	2358.2	439	0	0
2017.05.18	2356.3	2376.0	2346.0	2364.0	524	0	0
2017.05.19	2365.2	2389.3	2362.6	2383.5	352	0	0
2017.05.22	2382.8	2395.7	2379.9	2395.2	193	0	0
2017.05.23	2394.1	2401.0	2388.4	2398.7	207	0	0
2017.05.24	2397.3	2405.3	2396.3	2403.8	116	0	0
2017.05.25	2404.5	2419.0	2404.0	2414.2	204	0	0
2017.05.26	2414.4	2416.7	2409.4	2415.2	139	0	0
2017.05.29	2415.7	2417.9	2414.9	2415.4	58	0	0
2017.05.30	2415.0	2415.3	2408.5	2411.8	105	0	0
2017.05.31	2411.1	2416.9	2403.1	2414.7	241	0	0
2017.06.01	2413.5	2430.8	2410.8	2430.1	235	0	0
2017.06.02	2429.6	2440.1	2427.6	2437.1	176	0	0
2017.06.05	2436.8	2439.5	2433.6	2436.0	111	0	0
2017.06.06	2435.2	2436.6	2427.3	2431.1	146	0	0
2017.06.07	2430.3	2435.7	2425.0	2432.5	193	0	0
2017.06.08	2432.7	2440.0	2428.4	2434.4	216	0	0
2017.06.09	2429.6	2447.8	2416.8	2431.3	604	0	0
2017.06.12	2431.6	2433.1	2421.3	2431.1	232	0	0
2017.06.13	2429.8	2443.1	2429.3	2442.9	146	0	0
2017.06.14	2442.2	2447.2	2429.8	2438.6	313	0	0
2017.06.15	2437.4	2438.0	2419.9	2436.4	353	0	0
2017.06.16	2434.9	2440.2	2423.9	2435.9	317	0	0
2017.06.19	2437.4	2454.9	2436.4	2451.4	231	0	0
2017.06.20	2451.2	2454.4	2437.7	2439.9	222	0	0
2017.06.21	2439.5	2443.4	2431.4	2434.9	195	0	0
2017.06.22	2435.5	2442.6	2431.8	2435.6	216	0	0
2017.06.23	2435.5	2442.7	2432.2	2437.0	196	0	0
2017.06.26	2436.4	2451.6	2434.4	2440.6	303	0	0
2017.06.27	2439.6	2441.4	2420.9	2423.1	246	0	0
2017.06.28	2421.6	2444.4	2417.8	2443.9	310	0	0
2017.06.29	2445.4	2448.9	2406.5	2425.1	646	0	0
2017.06.30	2426.0	2434.2	2419.3	2425.2	291	0	0
2017.07.03	2427.5	2441.6	2427.1	2428.7	279	0	0
2017.07.04	2427.8	2436.1	2426.3	2430.4	171	0	0
2017.07.05	2429.2	2436.8	2423.7	2433.9	216	0	0
2017.07.06	2431.5	2434.0	2409.0	2412.5	311	0	0
2017.07.07	2413.4	2428.6	2411.4	2426.7	212	0	0
2017.07.10	2427.9	2433.9	2423.4	2428.4	206	0	0
2017.07.11	2427.2	2431.7	2414.4	2428.7	332	0	0
2017.07.12	2428.5	2447.5	2426.5	2444.7	259	0	0
2017.07.13	2445.0	2450.7	2443.0	2450.2	103	0	0
2017.07.14	2450.0	2465.0	2446.0	2460.2	279	0	0
2017.07.17	2461.7	2464.2	2458.0	2461.5	123	0	0
2017.07.18	2462.6	2464.3	2451.8	2461.3	238	0	0
2017.07.19	2462.4	2475.7	2462.2	2474.4	151	0	0
2017.07.20	2473.9	2480.2	2469.8	2474.2	206	0	0
2017.07.21	2476.0	2479.3	2467.0	2472.5	212	0	0
2017.07.24	2474.0	2474.9	2468.2	2471.9	114	0	0
2017.07.25	2471.8	2483.2	2471.4	2477.9	176	0	0
2017.07.26	2479.2	2484.2	2476.2	2476.7	136	0	0
2017.07.27	2481.0	2484.7	2461.5	2475.5	410	0	0
2017.07.28	2474.0	2475.2	2465.7	2474.2	189	0	0
2017.07.31	2473.5	2479.2	2469.7	2473.5	191	0	0
2017.08.01	2471.6	2481.6	2471.6	2475.1	166	0	0
2017.08.02	2478.5	2480.2	2467.7	2476.7	233	0	0
2017.08.03	2477.1	2478.1	2470.1	2474.8	138	0	0
2017.08.04	2474.3	2481.6	2471.6	2475.4	190	0	0
2017.08.07	2477.3	2482.3	2476.8	2480.6	78	0	0
2017.08.08	2480.2	2492.2	2471.5	2475.5	368	0	0
2017.08.09	2472.0	2477.5	2462.8	2476.0	255	0	0
2017.08.10	2475.2	2475.2	2438.7	2438.7	366	0	0
2017.08.11	2438.2	2449.2	2433.2	2441.7	286	0	0
2017.08.14	2447.0	2469.3	2447.0	2465.5	262	0	0
2017.08.15	2466.4	2475.7	2462.7	2465.9	256	0	0
2017.08.16	2464.8	2476.0	2463.8	2468.8	205	0	0
2017.08.17	2466.8	2470.5	2430.1	2430.4	445	0	0
2017.08.18	2429.9	2441.6	2421.9	2428.9	385	0	0
2017.08.21	2432.7	2433.9	2418.7	2429.9	277	0	0
2017.08.22	2431.9	2456.4	2430.7	2454.7	287	0	0
2017.08.23	2455.2	2457.0	2441.3	2442.8	191	0	0
2017.08.24	2440.1	2451.3	2437.3	2442.6	256	0	0
2017.08.25	2445.3	2455.8	2439.8	2443.8	306	0	0
2017.08.28	2442.7	2451.3	2438.7	2445.0	230	0	0
2017.08.29	2429.9	2450.4	2423.2	2448.4	360	0	0
2017.08.30	2447.3	2461.2	2444.1	2456.6	250	0	0
2017.08.31	2457.2	2475.7	2457.0	2469.5	252	0	0
2017.09.01	2472.6	2481.4	2472.4	2475.1	156	0	0
2017.09.04	2466.3	2471.0	2464.3	2470.0	98	0	0
2017.09.05	2469.0	2473.3	2447.9	2461.4	433	0	0
2017.09.06	2460.6	2471.1	2458.9	2467.1	180	0	0
2017.09.07	2462.1	2470.4	2461.4	2467.4	128	0	0
2017.09.08	2467.4	2469.4	2459.1	2463.7	170	0	0
2017.09.11	2473.5	2490.7	2471.7	2488.2	234	0	0
2017.09.12	2490.2	2499.5	2489.0	2497.7	136	0	0
2017.09.13	2498.9	2499.1	2492.9	2497.6	112	0	0
2017.09.14	2495.4	2499.7	2491.2	2497.2	153	0	0
2017.09.15	2492.5	2501.2	2490.7	2499.5	141	0	0
2017.09.18	2502.4	2509.5	2501.5	2505.5	130	0	0
2017.09.19	2506.5	2509.9	2504.8	2507.1	97	0	0
2017.09.20	2506.1	2511.0	2498.2	2508.0	238	0	0
2017.09.21	2508.0	2510.0	2500.5	2503.5	146	0	0
2017.09.22	2504.2	2504.7	2496.0	2502.0	153	0	0
2017.09.25	2505.0	2513.5	2489.2	2502.2	459	0	0
2017.09.26	2501.3	2505.1	2496.3	2498.6	150	0	0
2017.09.27	2498.7	2513.2	2497.2	2507.7	231	0	0
2017.09.28	2505.9	2511.7	2502.7	2511.4	126	0	0
2017.09.29	2509.7	2521.4	2508.6	2519.6	158	0	0
2017.10.02	2524.9	2530.7	2521.4	2529.0	146	0	0
2017.10.03	2530.2	2536.7	2529.2	2535.1	102	0	0
2017.10.04	2535.5	2541.9	2533.1	2539.1	141	0	0
2017.10.05	2538.7	2554.3	2538.2	2552.5	185	0	0
2017.10.06	2551.7	2552.7	2544.5	2547.0	118	0	0
2017.10.09	2549.2	2553.3	2542.3	2547.8	207	0	0
2017.10.10	2546.6	2556.3	2545.8	2550.6	171	0	0
2017.10.11	2551.1	2556.3	2547.3	2555.8	134	0	0
2017.10.12	2554.6	2556.1	2549.3	2551.3	104	0	0
2017.10.13	2550.8	2558.6	2550.1	2554.6	133	0	0
2017.10.16	2558.5	2562.5	2554.0	2560.2	154	0	0
2017.10.17	2558.5	2561.0	2555.7	2559.8	94	0	0
2017.10.18	2560.2	2565.5	2559.7	2562.4	95	0	0
2017.10.19	2562.8	2564.7	2545.9	2563.5	370	0	0
2017.10.20	2563.5	2577.6	2562.8	2576.4	168	0	0
2017.10.23	2578.8	2580.6	2565.4	2565.4	171	0	0
2017.10.24	2567.3	2573.6	2566.1	2570.3	121	0	0
2017.10.25	2567.7	2569.7	2545.2	2562.4	438	0	0
2017.10.26	2562.3	2568.5	2559.3	2563.5	173	0	0
2017.10.27	2564.6	2584.5	2561.1	2581.3	302	0	0
2017.10.30	2580.7	2581.2	2569.2	2571.1	145	0	0
2017.10.31	2571.7	2579.2	2570.7	2575.3	135	0	0
2017.11.01	2575.6	2589.5	2575.3	2577.6	265	0	0
2017.11.02	2576.8	2582.1	2566.3	2579.5	290	0	0
2017.11.03	2581.7	2589.2	2577.5	2585.4	198	0	0
2017.11.06	2587.8	2593.8	2579.6	2591.9	244	0	0
2017.11.07	2592.4	2597.7	2584.9	2590.0	233	0	0
2017.11.08	2586.3	2596.5	2584.0	2594.3	171	0	0
2017.11.09	2595.0	2598.0	2567.0	2586.3	534	0	0
2017.11.10	2585.0	2588.5	2574.5	2581.5	246	0	0
2017.11.13	2585.0	2588.5	2573.3	2584.1	296	0	0
2017.11.14	2583.5	2598.5	2567.2	2579.8	590	0	0
2017.11.15	2577.8	2577.8	2558.1	2566.4	281	0	0
2017.11.16	2565.1	2591.1	2564.1	2585.9	333	0	0
2017.11.17	2587.4	2587.6	2576.9	2576.9	110	0	0
2017.11.20	2577.3	2585.8	2569.6	2583.1	267	0	0
2017.11.21	2583.1	2602.3	2581.3	2597.1	281	0	0
2017.11.22	2598.5	2601.7	2595.5	2595.5	95	0	0
2017.11.23	2595.6	2599.8	2591.6	2598.8	133	0	0
2017.11.24	2596.6	2604.9	2596.3	2603.4	105	0	0
2017.11.27	2604.4	2607.4	2598.7	2602.4	155	0	0
2017.11.28	2602.7	2629.0	2599.7	2628.8	326	0	0
2017.11.29	2626.4	2635.9	2621.6	2627.3	278	0	0
2017.11.30	2626.0	2659.6	2622.9	2647.9	516	0	0
2017.12.01	2640.9	2651.9	2606.4	2643.2	888	0	0
2017.12.04	2658.4	2666.7	2640.0	2640.0	351	0	0
2017.12.05	2638.5	2650.3	2629.3	2630.8	344	0	0
2017.12.06	2631.1	2636.2	2622.0	2631.0	284	0	0
2017.12.07	2633.7	2642.8	2628.2	2639.3	237	0	0
2017.12.08	2641.7	2653.8	2639.2	2653.5	175	0	0
2017.12.11	2655.6	2663.1	2651.6	2662.6	161	0	0
2017.12.12	2663.6	2672.1	2662.6	2666.9	158	0	0
2017.12.13	2665.9	2674.4	2658.6	2666.4	312	0	0
2017.12.14	2667.8	2672.3	2653.9	2654.7	238	0	0
2017.12.15	2651.7	2681.7	2651.7	2676.4	354	0	0
2017.12.18	2685.4	2697.1	2683.9	2693.6	183	0	0
2017.12.19	2694.6	2697.3	2682.6	2683.6	185	0	0
2017.12.20	2684.6	2694.7	2678.8	2682.3	296	0	0
2017.12.21	2682.5	2696.7	2681.0	2688.9	251	0	0
2017.12.22	2690.2	2692.4	2683.4	2689.9	178	0	0
2017.12.27	2689.4	2692.4	2683.2	2686.4	155	0	0
2017.12.28	2686.8	2690.0	2684.7	2687.8	97	0	0
2017.12.29	2688.5	2699.3	2675.5	2677.8	370	0	0
2018.01.02	2681.7	2697.4	2676.9	2697.4	254	0	0
2018.01.03	2694.5	2715.8	2694.3	2713.8	238	0	0
2018.01.04	2710.9	2730.1	2709.9	2725.1	263	0	0
2018.01.05	2727.2	2744.2	2725.2	2742.7	226	0	0
2018.01.08	2748.0	2750.2	2738.5	2748.2	233	0	0
2018.01.09	2748.9	2761.2	2744.1	2754.3	289	0	0
2018.01.10	2752.7	2753.4	2738.2	2750.2	280	0	0
2018.01.11	2751.1	2769.6	2749.3	2769.6	222	0	0
2018.01.12	2769.9	2790.2	2768.4	2788.4	252	0	0
2018.01.15	2796.1	2799.1	2792.8	2796.6	122	0	0
2018.01.16	2795.9	2810.4	2771.4	2779.7	619	0	0
2018.01.17	2782.1	2811.6	2781.4	2806.9	357	0	0
2018.01.18	2807.5	2810.0	2796.0	2802.5	231	0	0
2018.01.19	2802.6	2815.1	2794.1	2814.6	301	0	0
2018.01.22	2809.9	2837.7	2808.2	2837.7	313	0	0
2018.01.23	2837.2	2847.2	2831.4	2843.2	257	0	0
2018.01.24	2841.0	2857.8	2828.3	2842.0	581	0	0
2018.01.25	2838.4	2856.6	2833.6	2842.6	419	0	0
2018.01.26	2845.6	2875.9	2845.1	2875.9	314	0	0
2018.01.29	2878.6	2881.3	2854.8	2856.3	308	0	0
2018.01.30	2859.6	2860.8	2821.6	2826.6	455	0	0
2018.01.31	2828.7	2842.7	2816.2	2828.2	526	0	0
2018.02.01	2836.5	2840.0	2812.3	2824.5	435	0	0
2018.02.02	2831.3	2831.3	2761.6	2762.6	708	0	0
2018.02.05	2742.7	2765.9	2638.2	2647.2	1600	0	0
2018.02.06	2636.1	2702.3	2532.8	2698.3	2769	0	0
2018.02.07	2690.2	2729.5	2663.2	2682.3	1248	0	0
2018.02.08	2665.9	2689.4	2580.4	2582.1	1343	0	0
2018.02.09	2594.8	2640.4	2533.3	2621.4	1877	0	0
2018.02.12	2630.4	2674.6	2623.4	2657.9	750	0	0
2018.02.13	2658.6	2670.6	2637.6	2664.9	598	0	0
2018.02.14	2665.7	2704.2	2629.2	2701.2	1146	0	0
2018.02.15	2698.7	2733.5	2690.7	2733.5	509	0	0
2018.02.16	2737.7	2756.7	2724.4	2734.4	614	0	0
2018.02.19	2742.2	2750.2	2722.2	2730.9	448	0	0
2018.02.20	2732.4	2740.2	2708.4	2717.7	490	0	0
2018.02.21	2718.3	2750.4	2703.1	2703.1	795	0	0
2018.02.22	2698.6	2733.8	2685.6	2706.3	888	0	0
2018.02.23	2713.8	2750.3	2712.8	2750.1	388	0	0
2018.02.26	2756.1	2783.3	2745.8	2782.3	489	0	0
2018.02.27	2787.3	2792.6	2746.6	2746.8	516	0	0
2018.02.28	2752.1	2764.8	2715.8	2715.8	618	0	0
2018.03.01	2717.8	2733.5	2661.3	2678.0	1047	0	0
2018.03.02	2679.3	2698.3	2649.6	2692.3	845	0	0
2018.03.05	2680.6	2730.4	2666.6	2723.9	844	0	0
2018.03.06	2721.4	2736.9	2713.1	2730.2	389	0	0
2018.03.07	2693.5	2733.0	2684.5	2729.2	614	0	0
2018.03.08	2723.7	2742.7	2722.5	2741.2	230	0	0
2018.03.09	2741.2	2789.2	2733.0	2789.0	647	0	0
2018.03.12	2791.6	2803.6	2782.1	2786.1	376	0	0
2018.03.13	2786.4	2805.7	2761.4	2767.7	700	0	0
2018.03.14	2763.6	2781.3	2746.5	2752.5	586	0	0
2018.03.15	2754.8	2765.4	2743.7	2749.9	386	0	0
2018.03.16	2756.1	2764.5	2748.6	2752.7	285	0	0
2018.03.19	2751.1	2754.6	2696.0	2714.5	807	0	0
2018.03.20	2717.2	2727.9	2711.9	2719.4	299	0	0
2018.03.21	2723.2	2741.7	2711.7	2713.9	508	0	0
2018.03.22	2717.8	2725.3	2641.4	2644.6	947	0	0
2018.03.23	2637.0	2658.0	2585.5	2587.2	953	0	0
2018.03.26	2597.9	2662.4	2590.9	2659.9	811	0	0
2018.03.27	2662.0	2679.4	2595.9	2612.4	1175	0	0
2018.03.28	2610.8	2633.3	2592.8	2604.8	751	0	0
2018.03.29	2612.8	2659.4	2600.8	2641.4	887	0	0
2018.04.02	2640.7	2641.7	2552.5	2580.5	1183	0	0
2018.04.03	2583.7	2619.4	2574.1	2614.6	598	0	0
2018.04.04	2612.4	2650.4	2560.4	2645.4	1471	0	0
2018.04.05	2645.3	2672.7	2645.3	2662.9	373	0	0
2018.04.06	2663.5	2663.8	2585.5	2603.0	962	0	0
2018.04.09	2617.7	2654.6	2610.1	2614.6	860	0	0
2018.04.10	2615.9	2666.6	2613.4	2657.1	653	0	0
2018.04.11	2652.9	2661.9	2626.9	2643.1	603	0	0
2018.04.12	2643.3	2675.5	2640.5	2664.5	489	0	0
2018.04.13	2660.4	2681.1	2645.4	2657.1	682	0	0
2018.04.16	2677.9	2688.1	2661.9	2679.6	508	0	0
2018.04.17	2680.5	2715.0	2680.0	2707.7	429	0	0
2018.04.18	2708.4	2719.9	2705.4	2710.2	273	0	0
2018.04.19	2713.5	2714.5	2683.0	2694.2	438	0	0
2018.04.20	2694.3	2699.6	2661.3	2671.8	542	0	0
2018.04.23	2681.6	2684.6	2659.3	2671.6	407	0	0
2018.04.24	2674.3	2690.8	2618.3	2635.5	1063	0	0
2018.04.25	2640.4	2646.4	2613.6	2640.9	652	0	0
2018.04.26	2652.2	2677.7	2642.0	2668.5	552	0	0
2018.04.27	2675.2	2678.5	2660.2	2671.2	327	0	0
2018.04.30	2674.9	2684.9	2648.9	2648.9	461	0	0
2018.05.01	2646.1	2656.4	2625.9	2654.6	526	0	0
2018.05.02	2657.6	2661.3	2632.1	2636.1	370	0	0
2018.05.03	2632.2	2639.0	2594.2	2630.2	877	0	0
2018.05.04	2635.2	2671.9	2614.9	2664.2	851	0	0
2018.05.07	2668.8	2684.3	2665.7	2674.1	320	0	0
2018.05.08	2668.4	2677.4	2655.4	2672.9	396	0	0
2018.05.09	2674.7	2702.7	2669.5	2699.0	422	0	0
2018.05.10	2697.9	2727.1	2695.1	2723.1	389	0	0
2018.05.11	2719.3	2733.6	2718.1	2728.3	221	0	0
2018.05.14	2737.1	2742.9	2726.1	2731.4	280	0	0
2018.05.15	2731.9	2732.9	2702.7	2712.1	407	0	0
2018.05.16	2709.1	2729.1	2705.9	2723.6	320	0	0
2018.05.17	2723.0	2732.5	2711.5	2720.5	396	0	0
2018.05.18	2718.5	2727.5	2709.7	2713.6	308	0	0
2018.05.21	2733.0	2740.3	2725.8	2734.0	281	0	0
2018.05.22	2732.6	2742.9	2722.9	2726.4	339	0	0
2018.05.23	2726.6	2734.1	2706.1	2733.8	489	0	0
2018.05.24	2732.3	2734.8	2707.3	2728.3	511	0	0
2018.05.25	2728.6	2738.9	2714.9	2721.1	406	0	0
2018.05.28	2728.0	2733.5	2720.0	2724.8	239	0	0
2018.05.29	2724.3	2725.0	2676.8	2690.3	625	0	0
2018.05.30	2694.5	2730.5	2687.2	2725.2	560	0	0
2018.05.31	2720.6	2729.1	2700.6	2705.8	423	0	0
2018.06.01	2708.7	2737.7	2708.0	2734.7	335	0	0
2018.06.04	2731.9	2750.6	2730.4	2747.9	245	0	0
2018.06.05	2746.9	2753.6	2740.4	2750.6	228	0	0
2018.06.06	2751.7	2773.7	2749.5	2773.7	265	0	0
2018.06.07	2773.5	2780.7	2761.2	2770.9	365	0	0
2018.06.08	2772.9	2780.2	2753.2	2779.4	476	0	0
2018.06.11	2774.8	2792.0	2772.3	2784.3	300	0	0
2018.06.12	2786.8	2792.0	2780.5	2788.8	211	0	0
2018.06.13	2790.8	2794.0	2777.0	2778.3	216	0	0
2018.06.14	2778.1	2791.3	2769.6	2785.8	358	0	0
2018.06.15	2784.5	2785.7	2763.0	2781.7	427	0	0
2018.06.18	2783.1	2784.6	2759.1	2775.4	434	0	0
2018.06.19	2777.1	2777.6	2733.5	2763.9	751	0	0
2018.06.20	2761.4	2776.1	2754.9	2769.1	348	0	0
2018.06.21	2770.0	2782.8	2744.8	2750.0	561	0	0
2018.06.22	2749.1	2766.1	2748.9	2755.4	282	0	0
2018.06.25	2754.8	2756.0	2698.8	2717.5	772	0	0
2018.06.26	2720.8	2733.6	2713.3	2723.3	382	0	0
2018.06.27	2725.8	2746.5	2699.8	2700.8	685	0	0
2018.06.28	2705.9	2724.7	2691.7	2716.9	551	0	0
2018.06.29	2719.5	2744.0	2715.5	2719.7	569	0	0
2018.07.02	2714.4	2727.4	2697.6	2726.2	479	0	0
2018.07.03	2725.9	2740.6	2711.4	2712.4	450	0	0
2018.07.04	2712.9	2723.4	2711.1	2721.1	165	0	0
2018.07.05	2720.4	2738.1	2711.4	2737.4	365	0	0
2018.07.06	2734.4	2765.1	2729.9	2760.4	445	0	0
2018.07.09	2763.4	2785.9	2762.1	2785.4	257	0	0
2018.07.10	2786.0	2796.5	2786.0	2794.5	126	0	0
2018.07.11	2775.3	2786.6	2764.8	2773.8	422	0	0
2018.07.12	2775.1	2799.8	2772.8	2798.6	306	0	0
2018.07.13	2798.8	2806.5	2792.5	2801.5	254	0	0
2018.07.16	2806.8	2808.3	2794.6	2799.6	203	0	0
2018.07.17	2796.9	2815.2	2789.4	2811.4	372	0	0
2018.07.18	2814.3	2817.8	2806.5	2816.8	202	0	0
2018.07.19	2814.9	2817.4	2799.9	2805.7	259	0	0
2018.07.20	2806.7	2810.2	2792.7	2802.2	306	0	0
2018.07.23	2804.2	2809.4	2792.7	2807.7	300	0	0
2018.07.24	2811.4	2831.2	2811.2	2821.2	303	0	0
2018.07.25	2817.5	2849.5	2814.3	2847.0	410	0	0
2018.07.26	2838.8	2846.6	2833.6	2838.4	257	0	0
2018.07.27	2841.1	2847.3	2809.3	2820.6	556	0	0
2018.07.30	2815.9	2822.4	2799.4	2804.6	348	0	0
2018.07.31	2806.7	2825.7	2803.7	2817.5	333	0	0
2018.08.01	2822.9	2826.7	2806.7	2814.4	316	0	0
2018.08.02	2815.3	2830.3	2792.1	2827.8	640	0	0
2018.08.03	2829.7	2840.9	2825.4	2840.7	201	0	0
2018.08.06	2842.4	2854.1	2835.9	2851.1	278	0	0
2018.08.07	2850.0	2864.5	2849.2	2860.0	207	0	0
2018.08.08	2860.8	2863.3	2854.1	2858.8	165	0	0
2018.08.09	2854.7	2863.0	2852.5	2854.0	204	0	0
2018.08.10	2849.9	2852.1	2825.9	2833.3	359	0	0
2018.08.13	2829.4	2843.9	2820.4	2822.9	406	0	0
2018.08.14	2828.8	2843.5	2826.8	2841.0	213	0	0
2018.08.15	2840.7	2842.7	2803.0	2819.0	578	0	0
2018.08.16	2820.9	2850.9	2816.6	2841.9	477	0	0
2018.08.17	2840.0	2856.3	2834.3	2850.8	333	0	0
2018.08.20	2853.7	2860.2	2849.8	2857.7	169	0	0
2018.08.21	2856.4	2873.4	2853.4	2862.9	336	0	0
2018.08.22	2853.1	2867.8	2846.0	2862.3	345	0	0
2018.08.23	2863.0	2869.3	2854.5	2857.8	245	0	0
2018.08.24	2857.5	2877.0	2856.2	2876.0	232	0	0
2018.08.27	2880.7	2899.5	2880.4	2897.9	211	0	0
2018.08.28	2900.4	2906.2	2894.4	2898.7	220	0	0
2018.08.29	2901.6	2917.3	2897.6	2914.6	265	0	0
2018.08.30	2915.1	2916.0	2895.3	2901.3	277	0	0
2018.08.31	2896.4	2906.9	2891.4	2900.4	271	0	0
2018.09.03	2905.4	2912.8	2902.7	2908.2	175	0	0
2018.09.04	2908.3	2911.9	2885.6	2897.3	417	0	0
2018.09.05	2898.5	2900.4	2877.7	2889.2	362	0	0
2018.09.06	2887.8	2892.4	2867.2	2873.7	1765	0	0
2018.09.07	2873.5	2884.4	2864.5	2868.8	1772	0	0
2018.09.10	2875.8	2888.1	2873.3	2880.3	1097	0	0
2018.09.11	2880.1	2893.1	2867.5	2889.4	1252	0	0
2018.09.12	2889.1	2895.6	2880.1	2886.1	1449	0	0
2018.09.13	2886.3	2907.1	2883.3	2902.6	1240	0	0
2018.09.14	2902.3	2912.0	2896.5	2902.8	1223	0	0
2018.09.17	2901.0	2906.2	2893.0	2896.5	1017	0	0
2018.09.18	2896.3	2911.9	2878.4	2909.4	1619	0	0
2018.09.19	2909.1	2913.5	2900.8	2909.7	1197	0	0
2018.09.20	2909.7	2933.4	2907.6	2930.9	980	0	0
2018.09.21	2930.8	2942.1	2930.1	2935.3	1078	0	0
2018.09.24	2923.6	2925.9	2913.6	2919.6	994	0	0
2018.09.25	2920.1	2929.9	2914.1	2917.3	991	0	0
2018.09.26	2917.3	2925.5	2914.1	2923.0	888	0	0
2018.09.27	2923.0	2931.5	2902.9	2922.7	1530	0	0
2018.09.28	2922.5	2922.7	2903.5	2916.8	1352	0	0
2018.10.01	2920.9	2937.9	2920.4	2928.9	975	0	0
2018.10.02	2928.9	2931.9	2913.8	2930.2	1259	0	0
2018.10.03	2929.8	2940.6	2920.1	2936.4	1221	0	0
2018.10.04	2936.4	2937.9	2886.8	2888.8	1921	0	0
2018.10.05	2888.5	2912.0	2869.8	2879.8	2307	0	0
2018.10.08	2890.2	2894.7	2863.2	2872.2	1921	0	0
2018.10.09	2872.4	2896.3	2871.1	2884.6	2159	0	0
2018.10.10	2884.6	2889.9	2831.0	2836.0	2310	0	0
2018.10.11	2835.8	2837.3	2744.9	2766.6	5871	0	0
2018.10.12	2766.9	2782.7	2710.1	2744.8	4973	0	0
2018.10.15	2759.5	2775.0	2744.0	2772.2	2783	0	0
2018.10.16	2772.5	2804.0	2746.3	2800.3	2374	0	0
2018.10.17	2800.5	2822.6	2781.9	2814.2	2352	0	0
2018.10.18	2813.9	2816.2	2755.0	2759.2	3045	0	0
2018.10.19	2759.0	2798.9	2758.2	2773.4	3109	0	0
2018.10.22	2755.3	2780.9	2748.6	2756.6	2693	0	0
2018.10.23	2756.6	2767.2	2691.4	2721.8	3721	0	0
2018.10.24	2721.8	2753.8	2696.5	2699.7	3401	0	0
2018.10.25	2699.6	2710.9	2651.6	2702.8	4366	0	0
2018.10.26	2702.7	2723.1	2627.2	2677.3	5004	0	0
2018.10.29	2680.3	2707.1	2647.3	2650.3	3349	0	0
2018.10.30	2650.3	2675.3	2603.3	2668.0	5285	0	0
2018.10.31	2667.8	2737.2	2659.5	2733.7	2927	0	0
2018.11.01	2733.9	2737.4	2707.8	2735.8	2799	0	0
2018.11.02	2735.6	2766.6	2700.1	2719.5	3568	0	0
2018.11.05	2716.8	2735.1	2713.8	2733.3	1883	0	0
2018.11.06	2733.5	2754.1	2730.5	2751.3	2168	0	0
2018.11.07	2751.6	2802.1	2738.8	2797.1	3447	0	0
2018.11.08	2797.3	2817.9	2796.8	2808.1	1786	0	0
2018.11.09	2807.9	2811.9	2767.6	2769.6	2440	0	0
2018.11.12	2778.2	2795.2	2732.7	2742.2	2292	0	0
2018.11.13	2741.9	2756.1	2719.5	2733.6	3872	0	0
2018.11.14	2733.4	2748.1	2692.1	2696.8	3397	0	0
2018.11.15	2696.8	2727.7	2671.0	2725.4	4567	0	0
2018.11.16	2725.4	2748.4	2708.4	2729.4	3453	0	0
2018.11.19	2732.6	2747.8	2683.8	2688.1	2438	0	0
2018.11.20	2688.4	2703.3	2633.8	2644.3	3893	0	0
2018.11.21	2644.3	2671.2	2631.7	2665.7	3100	0	0
2018.11.22	2665.5	2667.0	2628.7	2633.0	1884	0	0
2018.11.23	2639.8	2647.8	2626.6	2628.7	2057	0	0
2018.11.26	2637.8	2672.3	2636.5	2666.1	2036	0	0
2018.11.27	2666.2	2685.0	2656.1	2677.1	2863	0	0
2018.11.28	2677.1	2735.2	2675.4	2733.2	2099	0	0
2018.11.29	2733.4	2745.7	2723.8	2741.1	2080	0	0
2018.11.30	2741.1	2754.9	2729.4	2750.9	1971	0	0
2018.12.03	2807.2	2814.6	2774.4	2782.4	2137	0	0
2018.12.04	2782.8	2794.2	2702.7	2721.4	3129	0	0
2018.12.05	2721.5	2732.4	2698.2	2715.5	2013	0	0
2018.12.06	2687.0	2688.2	2621.8	2669.3	4424	0	0
2018.12.07	2669.0	2709.8	2640.7	2641.0	4359	0	0
2018.12.10	2618.2	2644.9	2583.5	2627.4	4045	0	0
2018.12.11	2627.7	2678.3	2620.7	2624.1	3919	0	0
2018.12.12	2623.8	2686.9	2621.8	2679.5	3675	0	0
2018.12.13	2679.3	2680.0	2639.0	2645.2	3390	0	0
2018.12.14	2645.2	2656.0	2604.2	2606.5	3147	0	0
2018.12.17	2599.6	2613.8	2559.0	2559.5	2692	0	0
2018.12.18	2559.6	2574.8	2531.1	2554.0	3262	0	0
2018.12.19	2554.1	2583.9	2528.4	2582.4	3163	0	0
2018.12.20	2582.4	2584.9	2459.0	2460.5	5330	0	0
2018.12.21	2460.8	2505.0	2433.2	2443.8	5551	0	0
2018.12.24	2411.4	2432.7	2350.5	2351.3	4331	0	0
2018.12.27	2464.6	2479.8	2402.1	2406.3	4512	0	0
2018.12.28	2406.1	2517.1	2395.8	2492.3	5237	0	0
2018.12.31	2502.6	2510.7	2481.3	2496.1	2229	0	0
2019.01.02	2492.0	2519.1	2451.3	2518.4	2962	0	0
2019.01.03	2518.6	2518.7	2445.9	2457.4	4148	0	0
2019.01.04	2457.1	2538.3	2437.0	2528.8	4368	0	0
2019.01.07	2535.2	2567.0	2523.7	2556.3	2485	0	0
2019.01.08	2556.0	2581.2	2547.3	2569.8	3058	0	0
2019.01.09	2569.7	2594.6	2565.9	2588.2	2565	0	0
2019.01.10	2588.1	2595.9	2560.0	2581.0	2977	0	0
2019.01.11	2580.9	2598.3	2576.9	2590.1	2226	0	0
2019.01.14	2585.9	2589.7	2567.4	2586.6	1867	0	0
2019.01.15	2586.4	2613.4	2579.5	2607.8	2269	0	0
2019.01.16	2607.6	2623.6	2593.8	2620.7	2172	0	0
2019.01.17	2620.9	2626.2	2595.9	2624.0	2030	0	0
2019.01.18	2623.7	2675.6	2620.4	2670.6	2342	0	0
2019.01.21	2669.5	2669.5	2655.8	2663.3	1098	0	0
2019.01.22	2661.2	2665.4	2623.7	2631.3	1729	0	0
2019.01.23	2631.0	2654.0	2613.0	2630.8	2636	0	0
2019.01.24	2630.8	2647.6	2625.5	2633.3	2699	0	0
2019.01.25	2633.1	2672.6	2630.3	2667.7	2040	0	0
2019.01.28	2660.8	2661.7	2623.7	2638.3	2018	0	0
2019.01.29	2638.4	2651.3	2630.0	2644.6	2022	0	0
2019.01.30	2644.7	2668.3	2635.0	2660.3	1789	0	0
2019.01.31	2660.4	2708.7	2659.5	2701.6	2257	0	0
2019.02.01	2701.7	2716.6	2694.2	2705.9	2249	0	0
2019.02.04	2701.9	2719.0	2698.1	2718.7	1339	0	0
2019.02.05	2718.7	2738.4	2716.7	2729.4	1358	0	0
2019.02.06	2729.6	2739.1	2723.9	2732.4	1454	0	0
2019.02.07	2732.4	2733.4	2686.8	2698.0	1940	0	0
2019.02.08	2697.7	2705.8	2681.2	2695.7	2064	0	0
2019.02.11	2710.1	2722.5	2701.3	2708.1	1612	0	0
2019.02.12	2708.0	2748.9	2703.8	2748.7	1488	0	0
2019.02.13	2748.6	2762.8	2742.6	2753.1	1566	0	0
2019.02.14	2753.1	2762.9	2730.4	2751.6	2080	0	0
2019.02.15	2751.8	2773.2	2729.1	2766.8	2123	0	0
2019.02.18	2777.2	2780.8	2774.2	2778.6	807	0	0
2019.02.19	2777.5	2784.7	2766.9	2781.8	1208	0	0
2019.02.20	2781.4	2788.3	2773.6	2785.7	1453	0	0
2019.02.21	2785.8	2797.7	2769.3	2778.3	1984	0	0
2019.02.22	2778.5	2794.5	2764.2	2790.0	1611	0	0
2019.02.25	2799.1	2814.0	2794.6	2803.1	1232	0	0
2019.02.26	2802.7	2805.1	2784.0	2795.5	1603	0	0
2019.02.27	2795.8	2803.9	2775.3	2792.3	1663	0	0
2019.02.28	2792.2	2796.3	2781.3	2790.6	1440	0	0
2019.03.01	2790.6	2807.5	2782.3	2796.0	1476	0	0
2019.03.04	2817.2	2818.2	2767.4	2783.9	1650	0	0
2019.03.05	2783.7	2799.0	2781.4	2790.9	1877	0	0
2019.03.06	2790.8	2796.9	2769.9	2777.3	1734	0	0
2019.03.07	2777.4	2778.8	2741.7	2753.3	2007	0	0
2019.03.08	2753.4	2755.0	2721.9	2727.8	2259	0	0
2019.03.11	2745.1	2782.6	2737.7	2780.6	1519	0	0
2019.03.12	2780.8	2799.2	2779.3	2796.5	1535	0	0
2019.03.13	2796.4	2822.7	2784.1	2815.4	1531	0	0
2019.03.14	2815.2	2820.2	2803.8	2808.7	1535	0	0
2019.03.15	2808.6	2831.6	2807.4	2825.1	1456	0	0
2019.03.18	2821.5	2836.6	2819.5	2832.1	1138	0	0
2019.03.19	2832.1	2854.5	2828.9	2839.6	1498	0	0
2019.03.20	2839.9	2845.2	2813.2	2841.7	1904	0	0
2019.03.21	2841.9	2859.9	2809.7	2857.3	2002	0	0
2019.03.22	2857.4	2861.8	2802.4	2821.2	2500	0	0
2019.03.25	2807.0	2811.2	2786.0	2796.8	2692	0	0
2019.03.26	2796.7	2831.0	2795.0	2812.1	2030	0	0
2019.03.27	2812.0	2828.1	2788.4	2806.2	2633	0	0
2019.03.28	2806.4	2820.4	2791.2	2811.2	2265	0	0
2019.03.29	2811.3	2835.5	2810.2	2834.2	1698	0	0
2019.04.01	2849.2	2864.2	2846.4	2864.2	1248	0	0
2019.04.02	2864.2	2870.8	2859.5	2866.4	1275	0	0
2019.04.03	2866.1	2886.5	2862.3	2874.0	1417	0	0
2019.04.04	2873.7	2882.5	2866.5	2874.4	1591	0	0
2019.04.05	2874.4	2893.4	2873.5	2892.2	1248	0	0
2019.04.08	2892.5	2895.1	2881.8	2892.1	954	0	0
2019.04.09	2892.3	2896.8	2876.8	2880.4	1199	0	0
2019.04.10	2880.6	2887.9	2874.3	2886.9	1143	0	0
2019.04.11	2886.9	2896.8	2882.1	2885.1	1364	0	0
2019.04.12	2885.3	2911.5	2882.9	2905.3	1232	0	0
2019.04.15	2906.3	2911.6	2897.8	2905.6	831	0	0
2019.04.16	2905.6	2918.4	2903.8	2909.3	1057	0	0
2019.04.17	2909.1	2920.7	2898.2	2901.5	1441	0	0
2019.04.18	2901.7	2909.0	2886.9	2906.4	1552	0	0
2019.04.19	2906.4	2908.7	2902.9	2904.4	135	0	0
2019.04.22	2906.8	2910.9	2896.3	2907.1	1069	0	0
2019.04.23	2907.4	2937.1	2904.4	2933.4	1018	0	0
2019.04.24	2933.4	2937.0	2926.2	2929.7	1061	0	0
2019.04.25	2929.5	2934.4	2912.1	2930.4	1337	0	0
2019.04.26	2930.6	2932.7	2914.3	2929.5	1547	0	0
2019.04.29	2938.6	2948.1	2936.1	2947.4	888	0	0
2019.04.30	2947.6	2949.6	2924.7	2944.7	1202	0	0
2019.05.01	2945.0	2959.7	2942.0	2948.8	1108	0	0
2019.05.02	2948.6	2954.9	2899.9	2914.5	2298	0	0
2019.05.03	2914.7	2947.3	2908.7	2946.1	1444	0	0
2019.05.06	2899.5	2923.4	2882.0	2921.5	2711	0	0
2019.05.07	2921.4	2937.1	2870.4	2876.2	2694	0	0
2019.05.08	2875.9	2898.3	2861.9	2891.1	3248	0	0
2019.05.09	2891.4	2896.1	2834.8	2868.6	3089	0	0
2019.05.10	2868.6	2885.5	2824.0	2867.3	4620	0	0
2019.05.13	2862.4	2864.2	2800.8	2813.0	2519	0	0
2019.05.14	2812.5	2851.9	2801.7	2849.6	2626	0	0
2019.05.15	2849.6	2855.9	2813.4	2854.9	2775	0	0
2019.05.16	2854.7	2891.4	2836.9	2880.7	2351	0	0
2019.05.17	2880.5	2886.5	2850.6	2876.0	2718	0	0
2019.05.20	2865.1	2875.4	2831.6	2844.8	2371	0	0
2019.05.21	2844.5	2868.8	2831.1	2866.6	1895	0	0
2019.05.22	2866.6	2868.8	2846.9	2858.0	1925	0	0
2019.05.23	2858.2	2863.1	2806.2	2811.0	2300	0	0
2019.05.24	2810.7	2840.2	2805.0	2829.2	1954	0	0
2019.05.27	2829.9	2837.9	2824.4	2829.5	1073	0	0
2019.05.28	2831.8	2840.2	2821.4	2825.3	1787	0	0
2019.05.29	2825.3	2825.3	2765.5	2780.6	2689	0	0
2019.05.30	2780.3	2798.2	2768.1	2785.3	2202	0	0
2019.05.31	2785.2	2790.7	2750.0	2762.1	2772	0	0
2019.06.03	2735.0	2763.1	2730.9	2746.6	2399	0	0
2019.06.04	2746.8	2796.0	2728.5	2795.4	2717	0	0
2019.06.05	2795.4	2823.9	2790.4	2822.2	2168	0	0
2019.06.06	2822.1	2836.7	2811.4	2833.7	2006	0	0
2019.06.07	2833.4	2884.9	2831.4	2879.5	2117	0	0
2019.06.10	2890.4	2904.8	2879.7	2893.3	1440	0	0
2019.06.11	2893.1	2910.7	2878.7	2888.0	1680	0	0
2019.06.12	2888.3	2891.2	2874.9	2880.6	1793	0	0
2019.06.13	2880.7	2895.2	2866.5	2890.9	2099	0	0
2019.06.14	2891.0	2896.6	2879.0	2882.6	1862	0	0
2019.06.17	2892.5	2899.8	2887.4	2895.7	1128	0	0
2019.06.18	2895.9	2931.9	2884.7	2920.5	1940	0	0
2019.06.19	2920.4	2925.7	2914.9	2918.3	1263	0	0
2019.06.20	2919.5	2959.6	2911.0	2945.1	2058	0	0
2019.06.21	2944.8	2964.6	2943.3	2954.9	1932	0	0
2019.06.24	2949.2	2957.6	2948.0	2949.0	1064	0	0
2019.06.25	2949.0	2954.4	2923.0	2928.8	1724	0	0
2019.06.26	2928.6	2935.3	2914.2	2919.8	1980	0	0
2019.06.27	2920.0	2931.9	2911.6	2927.9	1723	0	0
2019.06.28	2927.7	2941.0	2923.9	2934.5	1353	0	0
2019.07.01	2970.7	2978.4	2954.2	2958.0	1430	0	0
2019.07.02	2958.2	2969.9	2952.4	2964.2	1638	0	0
2019.07.03	2964.3	2997.2	2962.9	2997.2	1151	0	0
2019.07.04	2997.6	3000.1	2993.9	2998.9	505	0	0
2019.07.05	2999.0	3000.2	2967.5	2987.6	1299	0	0
2019.07.08	2988.8	2989.1	2971.0	2973.8	1269	0	0
2019.07.09	2973.5	2978.5	2959.3	2974.7	1388	0	0
2019.07.10	2974.6	3003.4	2967.4	2996.1	1728	0	0
2019.07.11	2996.1	3002.9	2989.6	2991.7	1567	0	0
2019.07.12	2991.7	3008.9	2988.8	3007.0	1104	0	0
2019.07.15	3012.6	3020.8	3008.1	3011.9	946	0	0
2019.07.16	3012.1	3019.0	3002.0	3003.5	1158	0	0
2019.07.17	3003.2	3010.4	2990.3	2997.1	1221	0	0
2019.07.18	2996.8	2996.8	2972.1	2982.8	1590	0	0
2019.07.19	2982.6	3007.2	2982.6	2996.5	1735	0	0
2019.07.22	2974.4	2987.7	2972.7	2987.2	1408	0	0
2019.07.23	2987.4	3005.0	2983.1	3003.8	1355	0	0
2019.07.24	3004.0	3011.3	2994.5	3010.3	1265	0	0
2019.07.25	3010.0	3026.1	2996.7	3002.1	1544	0	0
2019.07.26	3002.3	3024.4	2998.8	3023.6	1203	0	0
2019.07.29	3025.2	3026.6	3014.6	3020.6	892	0	0
2019.07.30	3020.9	3026.6	3000.5	3012.3	1343	0	0
2019.07.31	3012.3	3020.0	3008.7	3014.7	1263	0	0
2019.08.01	3014.7	3015.1	2956.2	2968.7	3753	0	0
2019.08.02	2968.5	2969.7	2912.8	2919.1	3650	0	0
2019.08.05	2930.1	2933.6	2844.6	2844.9	3256	0	0
2019.08.06	2844.8	2872.9	2776.4	2869.4	5433	0	0
2019.08.07	2869.4	2889.6	2823.8	2871.1	4219	0	0
2019.08.08	2871.1	2933.0	2866.6	2929.2	3001	0	0
2019.08.09	2929.5	2938.2	2898.6	2922.1	3145	0	0
2019.08.12	2920.6	2930.4	2885.7	2887.0	2599	0	0
2019.08.13	2886.7	2943.9	2866.5	2929.4	3846	0	0
2019.08.14	2929.3	2935.8	2840.5	2856.0	3145	0	0
2019.08.15	2855.9	2870.3	2816.7	2826.8	5060	0	0
2019.08.16	2826.9	2891.1	2824.1	2888.7	2604	0	0
2019.08.19	2902.4	2931.0	2899.6	2926.7	1812	0	0
2019.08.20	2926.4	2930.9	2903.1	2912.2	2147	0	0
2019.08.21	2911.9	2928.2	2895.5	2923.0	1639	0	0
2019.08.22	2922.7	2938.6	2903.3	2925.4	2431	0	0
2019.08.23	2925.5	2935.7	2856.4	2864.7	3240	0	0
2019.08.26	2813.1	2887.4	2813.1	2870.2	3840	0	0
2019.08.27	2870.4	2898.7	2859.4	2873.8	2751	0	0
2019.08.28	2873.5	2887.1	2851.4	2884.1	2971	0	0
2019.08.29	2883.8	2928.8	2874.5	2927.5	2333	0	0
2019.08.30	2928.0	2945.5	2912.1	2921.6	2067	0	0
2019.09.02	2905.7	2925.9	2888.5	2898.2	1936	0	0
2019.09.03	2905.9	2914.5	2890.6	2895.6	2922	0	0
2019.09.04	2895.4	2935.4	2895.1	2929.8	1860	0	0
2019.09.05	2929.8	2985.3	2928.2	2974.2	2210	0	0
2019.09.06	2974.4	2986.9	2971.1	2983.2	1890	0	0
2019.09.09	2983.3	2990.7	2968.7	2975.0	1256	0	0
2019.09.10	2974.8	2984.3	2956.8	2968.5	1943	0	0
2019.09.11	2968.6	2996.1	2962.3	2993.0	1845	0	0
2019.09.12	2992.8	3020.7	2990.2	3018.2	2374	0	0
2019.09.13	3018.3	3022.3	3005.8	3006.8	1449	0	0
2019.09.16	2993.3	3002.3	2980.8	2998.5	1848	0	0
2019.09.17	2999.0	3003.6	2991.2	2999.2	1562	0	0
2019.09.18	2999.4	3006.1	2992.4	2997.6	1111	0	0
2019.09.19	2997.5	3021.9	2978.2	3013.3	2394	0	0
2019.09.20	3013.1	3015.3	2982.8	2995.1	1771	0	0
2019.09.23	3003.3	3004.6	2980.4	2996.4	1600	0	0
2019.09.24	2996.4	3010.3	2956.9	2963.1	1955	0	0
2019.09.25	2962.9	2978.5	2952.1	2977.7	2483	0	0
2019.09.26	2977.9	2993.5	2962.8	2977.0	2019	0	0
2019.09.27	2977.3	2990.9	2954.1	2959.7	2476	0	0
2019.09.30	2969.6	2983.4	2963.3	2981.1	1505	0	0
2019.10.01	2980.9	2992.7	2938.0	2939.5	1873	0	0
2019.10.02	2939.5	2949.2	2873.0	2879.6	2796	0	0
2019.10.03	2879.3	2906.6	2853.8	2905.6	3270	0	0
2019.10.04	2905.8	2939.1	2896.6	2935.9	2353	0	0
2019.10.07	2936.6	2958.4	2933.6	2957.4	1597	0	0
2019.10.08	2957.5	2958.1	2894.4	2911.9	2895	0	0
2019.10.09	2912.2	2930.2	2887.3	2919.2	3218	0	0
2019.10.10	2919.3	2947.3	2881.0	2939.1	3848	0	0
2019.10.11	2939.1	2992.7	2925.7	2986.6	2808	0	0
2019.10.14	2974.3	2981.9	2953.8	2969.1	1791	0	0
2019.10.15	2969.1	3002.1	2964.6	3000.9	1793	0	0
2019.10.16	3001.0	3003.1	2984.7	2986.4	1853	0	0
2019.10.17	2986.5	3007.4	2985.0	2998.6	1860	0	0
2019.10.18	2998.8	3001.6	2974.7	2990.3	1886	0	0
2019.10.21	2990.1	3004.0	2987.2	3001.6	1202	0	0
2019.10.22	3001.4	3013.4	3000.6	3009.7	1270	0	0
2019.10.23	3009.6	3012.2	2981.8	2997.2	1885	0	0
2019.10.24	2997.1	3014.8	2992.4	3001.7	1530	0	0
2019.10.25	3001.7	3026.3	3000.1	3021.4	1349	0	0
2019.10.28	3025.1	3042.5	3022.7	3038.9	993	0	0
2019.10.29	3038.8	3046.0	3029.6	3035.0	1366	0	0
2019.10.30	3034.8	3041.3	3023.0	3040.0	1378	0	0
2019.10.31	3039.8	3051.2	3020.2	3025.6	1826	0	0
2019.11.01	3025.8	3062.9	3024.6	3060.7	1399	0	0
2019.11.04	3068.0	3084.0	3066.8	3079.3	914	0	0
2019.11.05	3079.1	3085.5	3070.5	3076.2	1442	0	0
2019.11.06	3076.0	3078.2	3063.6	3073.6	1325	0	0
2019.11.07	3073.7	3095.2	3069.2	3088.3	1393	0	0
2019.11.08	3088.3	3090.5	3071.3	3081.9	1559	0	0
2019.11.11	3088.7	3089.2	3073.7	3087.1	879	0	0
2019.11.12	3086.9	3102.4	3080.2	3097.6	7424	0	0
2019.11.13	3097.6	3098.6	3077.6	3091.6	8926	0	0
2019.11.14	3091.5	3099.6	3083.0	3089.3	11148	0	0
2019.11.15	3089.4	3116.2	3088.0	3113.2	7980	0	0
2019.11.18	3117.1	3129.1	3112.5	3123.5	7192	0	0
2019.11.19	3123.5	3133.1	3113.7	3120.7	7938	0	0
2019.11.20	3121.0	3125.1	3091.2	3100.6	10831	0	0
2019.11.21	3100.6	3114.5	3091.6	3104.1	14029	0	0
2019.11.22	3104.3	3114.9	3098.4	3108.9	9320	0	0
2019.11.25	3118.4	3131.5	3117.4	3129.2	4954	0	0
2019.11.26	3128.9	3145.4	3128.7	3136.7	8170	0	0
2019.11.27	3136.9	3153.6	3134.7	3152.4	5614	0	0
2019.11.28	3152.3	3154.1	3141.8	3150.8	4478	0	0
2019.11.29	3150.9	3151.5	3139.8	3143.9	5876	0	0
2019.12.02	3145.7	3158.4	3110.8	3119.4	9749	0	0
2019.12.03	3119.3	3124.9	3070.3	3086.9	13949	0	0
2019.12.04	3087.0	3118.5	3082.4	3115.7	12943	0	0
2019.12.05	3115.5	3124.5	3103.3	3113.2	10787	0	0
2019.12.06	3113.3	3150.9	3108.7	3148.6	8347	0	0
2019.12.09	3147.6	3149.8	3140.0	3142.5	5609	0	0
2019.12.10	3142.2	3143.3	3116.8	3136.3	10351	0	0
2019.12.11	3136.3	3143.8	3128.3	3136.7	8776	0	0
2019.12.12	3136.4	3177.5	3135.4	3159.6	11617	0	0
2019.12.13	3159.6	3185.3	3155.3	3171.5	16400	0	0
2019.12.16	3176.7	3200.5	3176.4	3199.8	6070	0	0
2019.12.17	3200.0	3201.9	3190.4	3197.7	7027	0	0
2019.12.18	3197.8	3201.9	3190.5	3199.5	5977	0	0
2019.12.19	3199.7	3207.9	3193.8	3207.6	5703	0	0
2019.12.20	3207.6	3227.8	3204.5	3225.3	5769	0	0
2019.12.23	3227.8	3233.9	3226.1	3227.7	4115	0	0
2019.12.24	3227.7	3231.0	3222.5	3226.0	3533	0	0
2019.12.27	3243.5	3253.6	3237.9	3241.6	5197	0	0
2019.12.30	3240.5	3244.2	3217.3	3228.6	7239	0	0
2019.12.31	3228.6	3228.7	3213.1	3220.5	7004	0	0
2020.01.02	3240.7	3251.9	3235.7	3241.8	5933	0	0
2020.01.03	3241.9	3262.7	3206.7	3238.9	15116	0	0
2020.01.06	3219.4	3238.7	3209.3	3237.7	10656	0	0
2020.01.07	3237.7	3254.7	3232.1	3241.1	11356	0	0
2020.01.08	3241.2	3262.5	3181.7	3256.7	20440	0	0
2020.01.09	3256.7	3275.5	3252.7	3271.3	10936	0	0
2020.01.10	3271.3	3287.2	3268.9	3277.0	8802	0	0
2020.01.13	3270.6	3285.2	3267.5	3282.2	7158	0	0
2020.01.14	3282.4	3297.6	3276.4	3285.9	10328	0	0
2020.01.15	3286.2	3300.4	3278.4	3289.7	11214	0	0
2020.01.16	3289.8	3311.1	3282.9	3310.6	8712	0	0
2020.01.17	3310.6	3330.2	3308.8	3326.5	7283	0	0
2020.01.20	3327.9	3330.4	3320.7	3327.5	3673	0	0
2020.01.21	3325.6	3332.0	3309.6	3320.4	8553	0	0
2020.01.22	3320.1	3339.7	3317.1	3330.8	9860	0	0
2020.01.23	3330.8	3332.8	3303.8	3321.5	11840	0	0
2020.01.24	3321.5	3339.3	3289.6	3294.0	11117	0	0
2020.01.27	3261.5	3271.8	3236.1	3255.6	17718	0	0
2020.01.28	3255.6	3284.3	3244.1	3280.5	16417	0	0
2020.01.29	3280.8	3295.1	3273.6	3289.9	12770	0	0
2020.01.30	3289.9	3295.7	3242.8	3253.8	20577	0	0
2020.01.31	3254.1	3300.1	3224.9	3232.9	22297	0	0
2020.02.03	3236.9	3269.6	3231.9	3253.8	18338	0	0
2020.02.04	3254.1	3306.4	3242.0	3304.2	16800	0	0
2020.02.05	3304.2	3333.8	3291.0	3328.7	17658	0	0
2020.02.06	3328.4	3359.5	3325.5	3345.5	15203	0	0
2020.02.07	3345.8	3351.1	3325.4	3328.5	15655	0	0
2020.02.10	3322.5	3343.0	3305.1	3338.0	14601	0	0
2020.02.11	3337.8	3375.8	3336.0	3364.3	11139	0	0
2020.02.12	3364.6	3378.3	3353.3	3375.7	11960	0	0
2020.02.13	3375.7	3384.1	3349.2	3382.8	14849	0	0
2020.02.14	3382.8	3388.6	3368.6	3369.5	12091	0	0
2020.02.17	3388.6	3393.1	3383.4	3388.9	5549	0	0
2020.02.18	3374.4	3377.4	3356.0	3365.9	11701	0	0
2020.02.19	3366.0	3392.5	3363.6	3389.8	10178	0	0
2020.02.20	3390.0	3397.7	3341.0	3361.6	16624	0	0
2020.02.21	3361.6	3375.2	3328.6	3333.4	19965	0	0
2020.02.24	3298.8	3304.2	3214.4	3231.4	27340	0	0
2020.02.25	3231.4	3260.1	3151.9	3152.1	34740	0	0
2020.02.26	3152.4	3183.0	3092.2	3112.8	50828	0	0
2020.02.27	3112.5	3136.0	3006.8	3044.4	59978	0	0
2020.02.28	3044.4	3051.9	2853.3	2900.2	85743	0	0
2020.03.02	2919.2	3039.0	2904.0	3023.8	65715	0	0
2020.03.03	3023.2	3137.2	2988.2	3000.2	71231	0	0
2020.03.04	3000.0	3093.2	2973.8	3088.4	58503	0	0
2020.03.05	3088.4	3129.5	3012.2	3032.3	43904	0	0
2020.03.06	3032.2	3037.4	2906.6	2932.8	62001	0	0
2020.03.09	2846.9	2850.7	2714.8	2760.0	41273	0	0
2020.03.10	2760.2	2879.7	2716.6	2819.9	80154	0	0
2020.03.11	2820.0	2881.4	2728.2	2731.3	78533	0	0
2020.03.12	2731.4	2773.0	2492.9	2511.4	96307	0	0
2020.03.13	2511.3	2634.3	2393.1	2563.0	103014	0	0
2020.03.16	2512.4	2559.8	2416.8	2481.8	37123	0	0
2020.03.17	2481.8	2553.9	2363.7	2506.0	111939	0	0
2020.03.18	2506.4	2540.9	2273.5	2342.5	75669	0	0
2020.03.19	2342.8	2470.8	2286.0	2436.8	126755	0	0
2020.03.20	2435.9	2508.4	2318.2	2328.7	100422	0	0
2020.03.23	2219.3	2394.5	2181.0	2225.8	101968	0	0
2020.03.24	2226.0	2436.2	2194.3	2411.6	80147	0	0
2020.03.25	2411.2	2569.2	2395.6	2549.4	93313	0	0
2020.03.26	2550.2	2598.5	2410.9	2592.3	85767	0	0
2020.03.27	2592.2	2641.1	2514.6	2580.8	74884	0	0
2020.03.30	2491.8	2608.8	2473.6	2596.1	56895	0	0
2020.03.31	2595.5	2643.4	2580.4	2604.9	52440	0	0
2020.04.01	2604.7	2610.4	2461.2	2482.3	53429	0	0
2020.04.02	2482.0	2529.5	2432.0	2486.2	49939	0	0
2020.04.03	2486.5	2536.3	2460.5	2464.8	49815	0	0
2020.04.06	2523.3	2636.0	2518.5	2634.7	37410	0	0
2020.04.07	2634.6	2754.8	2619.5	2713.4	53105	0	0
2020.04.08	2713.4	2728.5	2627.7	2708.0	56371	0	0
2020.04.09	2708.0	2816.2	2706.8	2803.5	51544	0	0
2020.04.10	2803.2	2804.5	2759.0	2786.7	7610	0	0
2020.04.13	2743.0	2786.5	2718.3	2744.5	33598	0	0
2020.04.14	2744.5	2845.0	2733.8	2842.3	36909	0	0
2020.04.15	2842.3	2850.8	2758.3	2775.6	36457	0	0
2020.04.16	2775.6	2812.9	2754.4	2778.7	40616	0	0
2020.04.17	2779.0	2892.3	2772.4	2846.0	40255	0	0
2020.04.20	2854.6	2882.8	2816.3	2853.6	31843	0	0
2020.04.21	2853.7	2857.0	2725.2	2745.0	47586	0	0
2020.04.22	2745.0	2801.0	2725.7	2798.5	40051	0	0
2020.04.23	2798.5	2845.0	2781.0	2804.5	34651	0	0
2020.04.24	2804.5	2821.6	2763.7	2821.5	33045	0	0
2020.04.27	2830.9	2879.8	2821.6	2871.8	26122	0	0
2020.04.28	2871.8	2921.3	2859.4	2880.4	29284	0	0
2020.04.29	2880.7	2952.8	2860.4	2942.6	30850	0	0
2020.04.30	2942.6	2973.3	2891.8	2897.8	34536	0	0
2020.05.01	2897.7	2917.8	2820.6	2824.6	32516	0	0
2020.05.04	2793.1	2826.8	2780.1	2819.9	29420	0	0
2020.05.05	2819.6	2898.5	2816.4	2893.6	25460	0	0
2020.05.06	2893.5	2898.5	2852.7	2875.4	28939	0	0
2020.05.07	2875.2	2902.8	2831.3	2893.5	26475	0	0
2020.05.08	2892.8	2929.3	2876.0	2915.8	22713	0	0
2020.05.11	2933.3	2954.4	2897.5	2938.3	20373	0	0
2020.05.12	2938.3	2946.3	2901.8	2918.8	25540	0	0
2020.05.13	2918.8	2919.5	2799.9	2811.5	34043	0	0
2020.05.14	2811.5	2839.3	2766.6	2823.6	39953	0	0
2020.05.15	2823.8	2869.0	2813.3	2852.3	37054	0	0
2020.05.18	2862.3	2960.8	2859.1	2958.8	22646	0	0
2020.05.19	2958.8	2981.8	2936.6	2957.4	29858	0	0
2020.05.20	2957.2	2981.3	2915.3	2967.5	25779	0	0
2020.05.21	2967.4	2978.3	2938.6	2953.6	25839	0	0
2020.05.22	2953.6	2959.8	2909.3	2948.8	27339	0	0
2020.05.25	2964.3	2995.0	2959.6	2994.4	13320	0	0
2020.05.26	2989.8	3024.9	2986.0	3013.5	17514	0	0
2020.05.27	3013.8	3040.0	2970.8	3005.3	26573	0	0
2020.05.28	3005.3	3070.2	3005.3	3066.5	29434	0	0
2020.05.29	3066.5	3068.2	2997.4	3012.8	32122	0	0
2020.06.01	3024.2	3063.3	3019.7	3060.2	24246	0	0
2020.06.02	3060.4	3079.9	3039.4	3071.6	20942	0	0
2020.06.03	3071.6	3121.5	3061.6	3114.5	20011	0	0
2020.06.04	3114.5	3133.3	3098.3	3115.8	21630	0	0
2020.06.05	3115.6	3214.2	3091.6	3202.2	25456	0	0
2020.06.08	3207.0	3219.4	3186.6	3218.0	20441	0	0
2020.06.09	3217.8	3234.5	3192.8	3220.2	21789	0	0
2020.06.10	3220.3	3230.5	3182.7	3199.5	24713	0	0
2020.06.11	3199.5	3224.0	3035.4	3044.9	42387	0	0
2020.06.12	3044.8	3088.6	2984.6	2985.3	51716	0	0
2020.06.15	2998.6	3049.0	2935.6	3037.4	46248	0	0
2020.06.16	3037.4	3167.3	3037.4	3124.5	48200	0	0
2020.06.17	3124.8	3157.7	3103.5	3134.8	40398	0	0
2020.06.18	3134.8	3139.6	3076.1	3115.7	37149	0	0
2020.06.19	3115.7	3155.4	3089.5	3089.6	28878	0	0
2020.06.22	3057.1	3117.6	3052.2	3114.3	25120	0	0
2020.06.23	3114.1	3156.0	3071.5	3152.1	31406	0	0
2020.06.24	3152.1	3152.1	3031.2	3048.7	32341	0	0
2020.06.25	3048.4	3067.5	3017.0	3056.1	40415	0	0
2020.06.26	3056.1	3091.9	3014.2	3027.1	32027	0	0
2020.06.29	3005.4	3049.6	2999.4	3045.9	28646	0	0
2020.06.30	3046.0	3085.2	3032.1	3074.6	25363	0	0
2020.07.01	3074.6	3123.5	3069.6	3116.6	24958	0	0
2020.07.02	3116.9	3165.7	3105.1	3146.8	24280	0	0
2020.07.03	3146.5	3153.1	3115.4	3125.7	17372	0	0
2020.07.06	3138.1	3184.1	3138.0	3176.0	18926	0	0
2020.07.07	3175.9	3193.5	3148.6	3171.1	22734	0	0
2020.07.08	3171.1	3172.1	3135.1	3147.4	24738	0	0
2020.07.09	3147.1	3179.8	3115.3	3142.3	25302	0	0
2020.07.10	3141.8	3175.7	3121.7	3174.1	27327	0	0
2020.07.13	3205.6	3236.1	3192.1	3228.3	18290	0	0
2020.07.14	3228.3	3229.8	3128.6	3171.7	36280	0	0
2020.07.15	3172.0	3242.2	3166.6	3219.9	28353	0	0
2020.07.16	3220.1	3235.5	3198.5	3207.7	27251	0	0
2020.07.17	3207.2	3228.3	3200.7	3220.9	18934	0	0
2020.07.20	3228.7	3246.7	3199.5	3245.7	17224	0	0
2020.07.21	3245.7	3282.5	3243.7	3274.2	18475	0	0
2020.07.22	3274.2	3277.3	3236.6	3256.6	20648	0	0
2020.07.23	3256.4	3293.4	3238.5	3244.3	21643	0	0
2020.07.24	3244.3	3247.9	3200.9	3213.7	27969	0	0
2020.07.27	3211.7	3238.1	3201.2	3233.3	19162	0	0
2020.07.28	3233.3	3255.6	3221.6	3243.5	19395	0	0
2020.07.29	3243.7	3251.4	3213.3	3248.2	16303	0	0
2020.07.30	3248.2	3265.9	3203.9	3245.2	23890	0	0
2020.07.31	3245.2	3278.8	3221.3	3233.2	27029	0	0
2020.08.03	3270.7	3301.7	3263.0	3298.7	18249	0	0
2020.08.04	3299.0	3306.0	3279.5	3301.0	18270	0	0
2020.08.05	3301.2	3331.8	3287.2	3326.8	16049	0	0
2020.08.06	3326.8	3337.4	3308.8	3335.5	17491	0	0
2020.08.07	3335.5	3354.9	3331.3	3337.1	20844	0	0
2020.08.10	3344.6	3363.0	3336.6	3357.9	14688	0	0
2020.08.11	3358.1	3386.3	3354.8	3379.3	18042	0	0
2020.08.12	3379.3	3385.6	3327.1	3385.3	23286	0	0
2020.08.13	3385.3	3389.4	3369.0	3381.6	17001	0	0
2020.08.14	3381.5	3386.1	3356.1	3379.4	20051	0	0
2020.08.17	3372.6	3388.8	3370.8	3385.8	10762	0	0
2020.08.18	3385.8	3395.3	3370.7	3392.3	13176	0	0
2020.08.19	3392.1	3400.4	3387.7	3397.6	11410	0	0
2020.08.20	3397.7	3399.9	3349.6	3379.9	18825	0	0
2020.08.21	3379.6	3398.0	3361.2	3392.2	17155	0	0
2020.08.24	3401.3	3428.2	3398.3	3421.2	11908	0	0
2020.08.25	3421.0	3453.2	3415.0	3435.7	14718	0	0
2020.08.26	3435.4	3474.2	3433.9	3473.4	11056	0	0
2020.08.27	3473.9	3502.5	3466.9	3490.2	20003	0	0
2020.08.28	3490.1	3513.4	3485.0	3496.0	19856	0	0
2020.08.31	3516.5	3528.2	3494.1	3509.4	12504	0	0
2020.09.01	3509.4	3520.1	3490.4	3516.1	18253	0	0
2020.09.02	3516.1	3570.4	3515.4	3567.6	17681	0	0
2020.09.03	3567.6	3589.9	3444.0	3457.4	32068	0	0
2020.09.04	3457.1	3486.3	3349.6	3404.1	50956	0	0
2020.09.07	3394.9	3439.5	3393.5	3434.5	26540	0	0
2020.09.08	3442.4	3448.4	3339.1	3372.3	38670	0	0
2020.09.09	3372.3	3422.7	3310.4	3411.9	37003	0	0
2020.09.10	3412.2	3425.3	3373.6	3377.7	35478	0	0
2020.09.11	3377.4	3385.1	3310.2	3314.8	38492	0	0
2020.09.14	3354.5	3403.0	3352.5	3388.6	18852	0	0
2020.09.15	3388.5	3419.5	3375.3	3411.1	20468	0	0
2020.09.16	3411.3	3428.2	3389.3	3410.9	18810	0	0
2020.09.17	3410.9	3430.0	3320.7	3342.7	35297	0	0
2020.09.18	3342.9	3373.6	3291.4	3311.4	29371	0	0
2020.09.21	3310.5	3336.5	3228.0	3246.6	33249	0	0
2020.09.22	3246.6	3301.8	3232.1	3301.2	30066	0	0
2020.09.23	3301.2	3329.5	3276.4	3279.8	26508	0	0
2020.09.24	3279.8	3280.0	3208.0	3267.9	40614	0	0
2020.09.25	3268.1	3281.1	3216.2	3279.4	33275	0	0
2020.09.28	3306.4	3358.5	3301.8	3356.8	18395	0	0
2020.09.29	3356.8	3372.1	3326.3	3342.4	21568	0	0
2020.09.30	3342.5	3385.8	3300.6	3385.1	30364	0	0
2020.10.01	3385.3	3396.3	3338.6	3371.2	30606	0	0
2020.10.02	3371.6	3383.1	3309.4	3354.1	40813	0	0
2020.10.05	3364.7	3398.2	3356.2	3388.2	17058	0	0
2020.10.06	3387.9	3419.5	3385.2	3414.2	19443	0	0
2020.10.07	3414.2	3431.0	3341.8	3413.8	28906	0	0
2020.10.08	3413.8	3444.2	3412.4	3437.7	19954	0	0
2020.10.09	3437.8	3482.2	3436.5	3478.0	15861	0	0
2020.10.12	3481.2	3547.3	3472.7	3542.2	14816	0	0
2020.10.13	3542.5	3549.5	3506.8	3508.9	24686	0	0
2020.10.14	3508.4	3532.0	3480.2	3490.0	24150	0	0
2020.10.15	3489.7	3501.8	3439.8	3473.7	29417	0	0
2020.10.16	3473.7	3516.4	3471.2	3501.8	21779	0	0
2020.10.19	3484.4	3504.5	3453.8	3456.8	17996	0	0
2020.10.20	3456.6	3477.5	3418.8	3466.0	26884	0	0
2020.10.21	3466.2	3472.0	3428.5	3443.7	29186	0	0
2020.10.22	3444.0	3458.6	3410.5	3451.2	29001	0	0
2020.10.23	3451.2	3469.9	3439.5	3453.1	21968	0	0
2020.10.26	3439.1	3449.6	3363.8	3389.0	23424	0	0
2020.10.27	3389.2	3417.5	3380.8	3393.5	24467	0	0
2020.10.28	3393.8	3401.3	3278.1	3294.7	30190	0	0
2020.10.29	3295.0	3340.5	3257.2	3327.7	34722	0	0
2020.10.30	3328.0	3332.4	3233.1	3243.8	41245	0	0
2020.11.02	3270.9	3331.3	3251.5	3281.7	31628	0	0
2020.11.03	3281.4	3390.7	3280.2	3357.8	28871	0	0
2020.11.04	3357.8	3488.4	3327.4	3467.7	76683	0	0
2020.11.05	3467.9	3530.3	3436.7	3519.6	40711	0	0
2020.11.06	3519.7	3528.8	3464.1	3512.6	39419	0	0
2020.11.09	3538.5	3675.0	3536.8	3619.9	44945	0	0
2020.11.10	3619.8	3621.3	3513.0	3548.3	47085	0	0
2020.11.11	3548.0	3583.3	3536.3	3574.8	33856	0	0
2020.11.12	3574.8	3580.5	3526.2	3540.8	29827	0	0
2020.11.13	3541.0	3577.7	3519.1	3572.2	25585	0	0
2020.11.16	3610.4	3641.9	3602.4	3612.2	20513	0	0
2020.11.17	3612.0	3633.0	3589.4	3615.8	21179	0	0
2020.11.18	3615.9	3627.6	3590.1	3603.9	20278	0	0
2020.11.19	3603.8	3606.9	3546.6	3569.7	25739	0	0
2020.11.20	3570.0	3586.6	3548.6	3576.4	20510	0	0
2020.11.23	3556.2	3591.9	3552.8	3571.9	17926	0	0
2020.11.24	3572.1	3642.6	3566.6	3635.4	19257	0	0
2020.11.25	3635.6	3658.1	3619.2	3631.2	21173	0	0
2020.11.26	3631.2	3642.5	3617.7	3621.9	12864	0	0
2020.11.27	3621.8	3646.1	3616.2	3640.4	12306	0	0
2020.11.30	3651.6	3651.9	3595.2	3613.7	20635	0	0
2020.12.01	3613.7	3677.7	3609.9	3674.2	19803	0	0
2020.12.02	3674.4	3679.6	3644.6	3659.4	18572	0	0
2020.12.03	3659.2	3681.2	3657.0	3667.3	15945	0	0
2020.12.04	3667.5	3694.7	3656.9	3688.4	15020	0	0
2020.12.07	3701.8	3703.6	3673.7	3685.6	13567	0	0
2020.12.08	3685.3	3705.2	3666.0	3702.4	15487	0	0
2020.12.09	3702.5	3715.2	3661.2	3661.8	18210	0	0
2020.12.10	3661.8	3682.6	3645.6	3667.4	22640	0	0
2020.12.11	3667.4	3676.3	3630.6	3658.6	21180	0	0
2020.12.14	3683.6	3701.6	3666.0	3671.5	15713	0	0
2020.12.15	3671.4	3695.7	3646.5	3694.7	19590	0	0
2020.12.16	3694.4	3711.5	3688.8	3701.1	15680	0	0
2020.12.17	3703.0	3727.6	3693.4	3723.2	16926	0	0
2020.12.18	3723.0	3733.5	3693.9	3700.7	18229	0	0
2020.12.21	3717.7	3721.9	3606.9	3697.2	30755	0	0
2020.12.22	3697.4	3705.2	3674.0	3696.0	23475	0	0
2020.12.23	3696.0	3711.7	3661.6	3709.4	18647	0	0
2020.12.24	3709.6	3711.1	3688.8	3702.8	12260	0	0
2020.12.28	3713.6	3739.4	3707.4	3738.7	11242	0	0
2020.12.29	3738.5	3757.9	3724.9	3733.6	12544	0	0
2020.12.30	3733.6	3748.2	3725.0	3737.6	14626	0	0
2020.12.31	3737.6	3739.7	3725.0	3732.9	11260	0	0
2021.01.04	3760.8	3783.0	3662.4	3699.8	21465	0	0
2021.01.05	3699.5	3722.9	3680.0	3722.7	28097	0	0
2021.01.06	3723.0	3784.1	3695.2	3779.3	37009	0	0
2021.01.07	3779.6	3811.9	3742.8	3803.2	28109	0	0
2021.01.08	3803.2	3826.1	3783.8	3795.3	22501	0	0
2021.01.11	3822.4	3822.7	3785.0	3805.2	21701	0	0
2021.01.12	3805.4	3815.2	3776.4	3801.7	23271	0	0
2021.01.13	3802.0	3817.0	3785.3	3816.0	18414	0	0
2021.01.14	3816.0	3825.8	3809.4	3815.5	16665	0	0
2021.01.15	3815.5	3818.3	3749.6	3780.5	25922	0	0
2021.01.18	3767.6	3777.2	3751.2	3776.6	11895	0	0
2021.01.19	3780.6	3805.1	3779.6	3804.0	15073	0	0
2021.01.20	3804.1	3855.3	3796.8	3851.3	16132	0	0
2021.01.21	3851.3	3867.5	3844.6	3853.8	15704	0	0
2021.01.22	3853.6	3861.6	3821.2	3844.3	18422	0	0
2021.01.25	3850.4	3861.0	3796.8	3846.7	21092	0	0
2021.01.26	3846.8	3870.4	3829.8	3857.7	21714	0	0
2021.01.27	3857.9	3861.8	3768.0	3785.8	30187	0	0
2021.01.28	3785.6	3831.3	3711.6	3828.6	46232	0	0
2021.01.29	3828.6	3829.6	3693.3	3708.7	48868	0	0
2021.02.01	3675.8	3777.9	3675.8	3775.2	31473	0	0
2021.02.02	3775.4	3843.2	3767.7	3837.5	23850	0	0
2021.02.03	3837.4	3850.9	3815.7	3843.9	21445	0	0
2021.02.04	3843.7	3863.9	3818.6	3862.3	19093	0	0
2021.02.05	3862.4	3895.0	3860.0	3886.0	15541	0	0
2021.02.08	3898.1	3909.6	3891.4	3898.1	13111	0	0
2021.02.09	3898.1	3917.9	3897.8	3912.9	13002	0	0
2021.02.10	3912.9	3933.5	3884.4	3906.0	17055	0	0
2021.02.11	3906.2	3926.1	3890.4	3904.3	18156	0	0
2021.02.12	3904.1	3925.2	3895.1	3917.4	14818	0	0
2021.02.15	3943.7	3957.4	3941.2	3956.2	6589	0	0
2021.02.16	3953.7	3964.2	3923.9	3933.8	14916	0	0
2021.02.17	3933.9	3941.3	3900.8	3920.3	23018	0	0
2021.02.18	3920.3	3940.3	3884.8	3909.8	23206	0	0
2021.02.19	3909.8	3934.9	3894.6	3915.1	20808	0	0
2021.02.22	3899.0	3918.1	3864.8	3900.4	23824	0	0
2021.02.23	3900.6	3901.4	3808.6	3857.8	31267	0	0
2021.02.24	3857.7	3927.7	3853.7	3926.5	34078	0	0
2021.02.25	3926.5	3937.6	3823.4	3846.7	33542	0	0
2021.02.26	3846.5	3872.0	3787.6	3826.9	55464	0	0
2021.03.01	3832.3	3901.9	3831.3	3900.4	22540	0	0
2021.03.02	3900.7	3914.5	3869.0	3897.5	29190	0	0
2021.03.03	3897.8	3900.5	3836.0	3846.4	28685	0	0
2021.03.04	3846.4	3848.7	3722.8	3723.4	47574	0	0
2021.03.05	3723.4	3822.8	3723.4	3817.8	54499	0	0
2021.03.08	3863.3	3881.1	3798.5	3847.8	38732	0	0
2021.03.09	3847.6	3902.9	3818.8	3901.6	33258	0	0
2021.03.10	3901.6	3912.5	3858.4	3902.2	31320	0	0
2021.03.11	3902.0	3959.8	3894.5	3949.0	22115	0	0
2021.03.12	3948.8	3954.6	3911.1	3930.5	25466	0	0
2021.03.15	3946.8	3958.4	3923.8	3955.5	18360	0	0
2021.03.16	3955.5	3981.2	3948.1	3962.0	17136	0	0
2021.03.17	3962.2	3980.4	3935.7	3979.1	21093	0	0
2021.03.18	3979.1	3988.9	3924.2	3935.6	24607	0	0
2021.03.19	3935.4	3937.9	3885.6	3928.7	27735	0	0
2021.03.22	3900.7	3954.0	3895.6	3952.0	18132	0	0
2021.03.23	3952.0	3954.7	3918.8	3919.4	20193	0	0
2021.03.24	3919.2	3941.5	3901.2	3910.5	23385	0	0
2021.03.25	3910.8	3916.3	3853.5	3903.0	28616	0	0
2021.03.26	3902.5	3944.1	3902.5	3936.5	20521	0	0
2021.03.29	3967.5	3980.2	3939.2	3970.0	20705	0	0
2021.03.30	3970.2	3981.3	3943.6	3953.6	21041	0	0
2021.03.31	3953.5	3993.0	3948.1	3990.3	15227	0	0
2021.04.01	3990.2	4012.0	3974.0	4010.1	14928	0	0
2021.04.02	4010.0	4047.5	4007.9	4036.6	5548	0	0
2021.04.05	4034.7	4082.6	4030.5	4078.8	9394	0	0
2021.04.06	4078.7	4085.2	4061.6	4079.4	14474	0	0
2021.04.07	4079.5	4082.8	4066.0	4077.4	13158	0	0
2021.04.08	4077.4	4101.2	4070.8	4092.9	12807	0	0
2021.04.09	4093.0	4112.4	4089.7	4110.9	11911	0	0
2021.04.12	4124.7	4130.7	4113.2	4120.3	12584	0	0
2021.04.13	4120.0	4135.7	4110.2	4134.8	13422	0	0
2021.04.14	4134.8	4152.0	4130.8	4133.5	12872	0	0
2021.04.15	4133.5	4169.8	4121.3	4167.0	14953	0	0
2021.04.16	4167.3	4186.5	4162.0	4177.6	13715	0	0
2021.04.19	4174.9	4182.8	4150.5	4159.4	13828	0	0
2021.04.20	4159.1	4175.5	4119.3	4133.1	19462	0	0
2021.04.21	4133.0	4162.1	4120.9	4161.9	16620	0	0
2021.04.22	4161.9	4180.1	4127.7	4131.6	17366	0	0
2021.04.23	4131.6	4186.7	4124.8	4183.2	16261	0	0
2021.04.26	4179.8	4194.4	4172.8	4190.0	11150	0	0
2021.04.27	4189.9	4199.8	4175.8	4186.8	12982	0	0
2021.04.28	4186.9	4197.1	4183.6	4186.0	11134	0	0
2021.04.29	4186.0	4219.7	4177.0	4198.6	16309	0	0
2021.04.30	4198.8	4217.8	4176.4	4178.9	16920	0	0
2021.05.03	4195.3	4211.0	4191.3	4198.6	13004	0	0
2021.05.04	4198.5	4205.4	4129.4	4147.5	19755	0	0
2021.05.05	4147.3	4188.6	4144.4	4181.3	17043	0	0
2021.05.06	4181.5	4187.6	4148.9	4174.2	21525	0	0
2021.05.07	4174.0	4239.5	4168.3	4228.2	18652	0	0
2021.05.10	4235.7	4245.2	4221.8	4225.8	13564	0	0
2021.05.11	4225.9	4226.5	4111.8	4153.2	32206	0	0
2021.05.12	4153.2	4161.4	4077.3	4082.7	37064	0	0
2021.05.13	4082.4	4128.4	4035.5	4096.8	35443	0	0
2021.05.14	4096.8	4174.1	4096.3	4173.0	24035	0	0
2021.05.17	4181.0	4181.7	4142.7	4149.3	22143	0	0
2021.05.18	4149.2	4185.1	4147.8	4158.2	16461	0	0
2021.05.19	4158.2	4159.4	4061.5	4101.3	28624	0	0
2021.05.20	4101.3	4168.1	4083.1	4157.9	23909	0	0
2021.05.21	4157.9	4189.1	4151.5	4164.4	19785	0	0
2021.05.24	4152.7	4205.6	4150.1	4204.6	13405	0	0
2021.05.25	4204.6	4216.7	4186.9	4194.7	14898	0	0
2021.05.26	4194.8	4208.1	4183.4	4193.8	14407	0	0
2021.05.27	4193.8	4213.4	4181.4	4203.4	15447	0	0
2021.05.28	4203.4	4220.8	4198.0	4212.9	11908	0	0
2021.05.31	4211.3	4213.6	4193.3	4194.4	7151	0	0
2021.06.01	4201.2	4233.0	4198.1	4201.8	12207	0	0
2021.06.02	4201.7	4217.4	4193.5	4203.2	13675	0	0
2021.06.03	4202.9	4215.2	4167.3	4199.5	16701	0	0
2021.06.04	4199.4	4226.4	4179.0	4226.1	15561	0	0
2021.06.07	4230.9	4234.3	4215.8	4216.9	11510	0	0
2021.06.08	4217.0	4238.2	4207.6	4226.5	14510	0	0
2021.06.09	4226.6	4236.4	4223.7	4230.5	12311	0	0
2021.06.10	4230.7	4250.0	4208.3	4244.5	14649	0	0
2021.06.11	4244.6	4249.1	4232.4	4239.1	10643	0	0
2021.06.14	4251.1	4258.7	4236.4	4238.6	8659	0	0
2021.06.15	4238.7	4270.0	4237.1	4250.9	11473	0	0
2021.06.16	4251.1	4254.4	4231.1	4236.1	10815	0	0
2021.06.17	4229.8	4240.7	4195.4	4226.7	24317	0	0
2021.06.18	4227.0	4234.5	4173.5	4183.5	20214	0	0
2021.06.21	4157.8	4227.6	4138.9	4225.2	19778	0	0
2021.06.22	4225.3	4243.6	4217.9	4241.5	15282	0	0
2021.06.23	4241.6	4260.1	4239.7	4253.1	12926	0	0
2021.06.24	4252.9	4272.3	4242.6	4268.2	10810	0	0
2021.06.25	4268.2	4281.7	4265.1	4279.1	10613	0	0
2021.06.28	4289.3	4291.1	4276.1	4282.0	10010	0	0
2021.06.29	4281.9	4301.9	4281.8	4295.3	10529	0	0
2021.06.30	4295.1	4301.0	4280.3	4295.5	12087	0	0
2021.07.01	4295.5	4318.5	4292.8	4315.7	11709	0	0
2021.07.02	4315.8	4351.3	4314.8	4349.6	10967	0	0
2021.07.05	4351.3	4356.3	4343.5	4351.8	6808	0	0
2021.07.06	4354.9	4358.4	4316.0	4333.3	12098	0	0
2021.07.07	4333.3	4360.1	4330.7	4354.5	15104	0	0
2021.07.08	4354.6	4363.1	4288.8	4324.2	25829	0	0
2021.07.09	4324.3	4366.9	4302.5	4364.3	19641	0	0
2021.07.12	4372.6	4382.5	4351.2	4380.1	13019	0	0
2021.07.13	4380.1	4392.9	4366.0	4379.5	12250	0	0
2021.07.14	4379.3	4393.2	4358.9	4378.9	16823	0	0
2021.07.15	4378.9	4384.8	4341.7	4342.2	19026	0	0
2021.07.16	4342.1	4376.4	4341.9	4345.9	17212	0	0
2021.07.19	4321.6	4325.4	4233.3	4234.9	27121	0	0
2021.07.20	4234.5	4333.9	4233.4	4323.9	24484	0	0
2021.07.21	4324.1	4353.9	4318.5	4352.6	19018	0	0
2021.07.22	4352.8	4369.9	4349.3	4365.4	14321	0	0
2021.07.23	4365.4	4413.5	4364.4	4411.0	11279	0	0
2021.07.26	4411.0	4421.3	4384.1	4416.5	13977	0	0
2021.07.27	4416.4	4423.4	4374.1	4377.2	18838	0	0
2021.07.28	4377.1	4413.4	4376.7	4395.1	20474	0	0
2021.07.29	4395.2	4430.8	4386.4	4428.1	15590	0	0
2021.07.30	4428.1	4429.1	4378.7	4401.1	19422	0	0
2021.08.02	4411.6	4427.6	4394.2	4398.0	14305	0	0
2021.08.03	4397.9	4415.1	4373.4	4414.3	16788	0	0
2021.08.04	4414.3	4424.8	4399.8	4410.7	14043	0	0
2021.08.05	4410.8	4423.5	4401.7	4422.0	11688	0	0
2021.08.06	4421.7	4440.9	4418.7	4438.4	10829	0	0
2021.08.09	4433.9	4440.7	4422.8	4434.2	10996	0	0
2021.08.10	4434.0	4445.9	4424.6	4441.1	10296	0	0
2021.08.11	4441.1	4450.8	4428.7	4445.0	11434	0	0
2021.08.12	4445.0	4455.1	4436.9	4453.7	8763	0	0
2021.08.13	4453.7	4468.1	4452.9	4467.1	8344	0	0
2021.08.16	4463.3	4466.5	4438.8	4466.5	12045	0	0
2021.08.17	4466.5	4481.0	4418.3	4430.9	17285	0	0
2021.08.18	4430.7	4454.8	4427.5	4441.9	16076	0	0
2021.08.19	4442.0	4450.6	4352.9	4397.5	28090	0	0
2021.08.20	4397.3	4443.5	4376.5	4436.1	24735	0	0
2021.08.23	4443.3	4489.9	4443.3	4484.9	11986	0	0
2021.08.24	4485.1	4496.1	4479.4	4490.1	10937	0	0
2021.08.25	4490.2	4501.1	4480.6	4498.0	10610	0	0
2021.08.26	4498.0	4501.9	4469.6	4482.2	14006	0	0
2021.08.27	4482.2	4512.2	4466.2	4510.9	13632	0	0
2021.08.30	4512.9	4538.1	4505.0	4536.9	8346	0	0
2021.08.31	4536.9	4545.4	4516.4	4525.6	13344	0	0
2021.09.01	4525.6	4543.2	4519.0	4536.5	11219	0	0
2021.09.02	4536.4	4545.7	4518.3	4529.3	11737	0	0
2021.09.03	4529.3	4551.7	4521.6	4539.9	13338	0	0
2021.09.06	4533.6	4550.1	4526.0	4546.9	6371	0	0
2021.09.07	4543.9	4544.5	4513.3	4528.9	11084	0	0
2021.09.08	4528.9	4529.2	4494.2	4508.7	17508	0	0
2021.09.09	4508.8	4530.8	4487.4	4498.3	17649	0	0
2021.09.10	4497.4	4520.3	4479.0	4492.3	17357	0	0
2021.09.13	4470.4	4496.4	4454.7	4456.7	19238	0	0
2021.09.14	4456.7	4492.1	4446.6	4456.3	20692	0	0
2021.09.15	4456.5	4485.6	4438.2	4480.3	19612	0	0
2021.09.16	4480.3	4490.4	4446.0	4472.8	17898	0	0
2021.09.17	4473.0	4489.0	4429.0	4434.4	19851	0	0
2021.09.20	4419.8	4430.7	4394.3	4397.9	4841	0	0
2021.10.25	4537.6	4575.8	4532.2	4575.3	14289	0	0
2021.10.26	4575.3	4599.3	4570.4	4573.5	16078	0	0
2021.10.27	4573.5	4585.8	4553.3	4555.3	18803	0	0
2021.10.28	4555.3	4599.1	4554.5	4587.4	18088	0	0
2021.10.29	4587.4	4611.6	4568.4	4609.5	18094	0	0
2021.11.01	4616.6	4628.5	4595.8	4614.8	24577	0	0
2021.11.02	4614.6	4636.2	4602.4	4632.9	25029	0	0
2021.11.03	4629.3	4665.2	4622.4	4661.6	22729	0	0
2021.11.04	4663.2	4683.2	4659.5	4682.7	21979	0	0
2021.11.05	4683.3	4719.8	4675.8	4698.3	28357	0	0
2021.11.08	4694.8	4715.3	4684.9	4702.6	28063	0	0
2021.11.09	4697.9	4708.3	4671.6	4686.6	30994	0	0
2021.11.10	4679.6	4687.3	4632.5	4648.8	40747	0	0
2021.11.11	4649.9	4668.6	4645.4	4650.2	29336	0	0
2021.11.12	4655.7	4690.2	4650.6	4684.2	22347	0	0
2021.11.15	4693.5	4704.0	4673.6	4685.4	23708	0	0
2021.11.16	4685.8	4715.8	4677.0	4703.8	22622	0	0
2021.11.17	4701.7	4706.3	4685.0	4692.2	23201	0	0
2021.11.18	4691.8	4710.0	4673.2	4707.1	25896	0	0
2021.11.19	4710.9	4728.5	4688.9	4698.4	34850	0	0
2021.11.22	4706.0	4744.7	4683.0	4684.5	31125	0	0
2021.11.23	4690.8	4700.1	4653.5	4691.6	61621	0	0
2021.11.24	4690.2	4704.6	4660.6	4702.9	49339	0	0
2021.11.25	4706.4	4721.2	4704.7	4710.0	10108	0	0
2021.11.26	4701.0	4701.5	4581.7	4583.2	75514	0	0
2021.11.29	4624.5	4673.3	4621.8	4654.3	60770	0	0
2021.11.30	4666.5	4670.5	4561.9	4566.5	89116	0	0
2021.12.01	4591.9	4653.4	4510.0	4512.5	71840	0	0
2021.12.02	4515.9	4596.0	4509.3	4580.9	96261	0	0
2021.12.03	4573.4	4608.6	4496.0	4540.2	92194	0	0
2021.12.06	4552.5	4613.1	4534.5	4593.5	75570	0	0
2021.12.07	4594.1	4694.2	4589.1	4688.7	36146	0	0
2021.12.08	4690.5	4713.6	4673.9	4700.3	50567	0	0
2021.12.09	4699.3	4707.3	4667.0	4668.7	42274	0	0
2021.12.10	4674.0	4719.2	4666.3	4717.4	38186	0	0
2021.12.13	4723.3	4737.1	4671.6	4675.3	52009	0	0
2021.12.14	4675.6	4690.0	4609.9	4642.4	57838	0	0
2021.12.15	4638.4	4716.7	4615.7	4714.0	56772	0	0
2021.12.16	4723.2	4744.4	4710.2	4735.7	6957	0	0
